Metric Name	Mapped Function	Source	Stream Condition Screening (SCS) Has it On 	Metric Data Source	Bin 1 Name	Bin 1 Desc	Bin 1 Recommended Index (0-1.0)	Bin 2 Name	Bin 2 Desc	Bin 2 Recommended Index (0-1.0)	Bin 3 Name	Bin 3 Desc	Bin 3 Recommended Index (0-1.0)	Discipline	Recommended Tiers	Metric Statement	Description	Method/Context	How To Measure	References
Substrate Condition (grain size/embeddedness/fines/consolidation)	Bed composition and bedform dynamics	Tennessee SQT; ERDC	Yes	"Field observations (pebble counts/visual estimates) and/or existing habitat survey data.
"	Poor	Predominantly fine or consolidated bed with little interstitial space.	0-0.29	Fair	Mild embedding or partial fine coverage. / Strong embedding or siltation limiting infiltration.	0.40-0.69	Good	Open interstitial coarse bed with minimal fines.	0.70-1.0	Geomorphology	screening	"Streambed material and bedforms provide habitat and influence stability; appropriate substrate sizes and heterogeneity support aquatic communities.
Supports aquatic habitats through streambed material and bedform dynamics. Enhances habitat complexity and streambank stability."	"Fine sediment deposition/embeddedness as an indicator of sediment imbalance and habitat condition for benthic organisms and fish spawning.
Presence and clarity of expected bedform sequence (riffle-run-pool or step-pool) indicate organized transport and habitat variety.
Combines substrate size distribution, embeddedness, and consolidation or armoring to assess pore space and habitat quality."	"Context: Channel

Method: Field screening
Context: Channel

Method: Field"	"Conduct a field screening to visually estimate fine sediment deposition or embeddedness in representative riffles/runs, or use an approved protocol referenced by the applicable SQT. Assign the condition class using the bin thresholds for this metric.
Perform a pebble count to estimate percent gravel and cobble versus fines.
Estimate percent of coarse grains buried by fines during a field visit.
Use a pick test or visual checks to identify surface crusting, cementing, or heavy armoring.
Visually classify dominant substrate along the reach (bedrock, boulder, cobble, gravel, sand, silt or clay) and note the relative amount of fines and embedding."	TN SQT; Field pebble count; USGS or state surficial geology; high-resolution imagery for bar texture classes (where available).; Field embeddedness estimate; EPA Water Quality Portal (turbidity/TSS); assessment listings for sediment (where available).; Field pick test or visual checks; document as data gap where field access is limited.; Barbour et al. (1999); SVAP v2 (2018).
Bedform Diversity / Sequence	Bed composition and bedform dynamics	ERDC	No	High resolution aerial imagery; Field photos; Brief field recon; Historical evidence	Poor	Flattened or artificially uniform bed.	0-0.29	Fair	Some diversity but partially uniform. / Mostly homogeneous bed with faint or missing sequences.	0.40-0.69	Good	Clear riffle-pool or step-pool sequence with robust variety.	0.70-1.0	Geomorphology	screening	Supports aquatic habitats through streambed material and bedform dynamics. Enhances habitat complexity and streambank stability.	Presence and clarity of expected bedform sequence (riffle-run-pool or step-pool) indicate organized transport and habitat variety.	"Context: Channel

Method: Field"	Count presence of riffle, run, pool, or step-pool units and note whether sequences are intact.	Field habitat mapping; high-resolution imagery; planform metrics (for example sinuosity) as supporting context.
Historic Tie Drives	Bed composition and bedform dynamics	Wyoming SQT	No	State/agency datasets, GIS/imagery, and field observations (as applicable).	Poor	Occurred and effects persist.	0-0.29	Fair	May have occurred but effects ameliorated.	0.40-0.69	Good	Never had them, or no remaining evidence.	0.70-1.0	Geomorphology	screening	Streambed material and bedforms provide habitat and influence stability; appropriate substrate sizes and heterogeneity support aquatic communities.	Screening metric used to evaluate Bed composition and bedform dynamics based on the definition and bin thresholds provided for this metric.	"Context: Channel

Method: Field screening"	Use available GIS layers/imagery and/or a field screening (as applicable) to quantify or rate the metric according to the provided bin thresholds.	WY SQT 2019
Detrital Processing (CPOM retention / shredders)	Carbon processing	ERDC	Yes	High resolution aerial imagery; Field photos; Brief field recon; Historical evidence	Poor	Essentially no retained organic matter, or severe overload causing anoxia risk.	0-0.29	Fair	Some retention but partially flushed out. / Sparse organic matter and limited retention.	0.40-0.69	Good	Abundant CPOM retention with stable leaf packs typical for the system.	0.70-1.0	Physicochemistry	screening	Organic matter is captured and broken down, fueling food webs, balancing production/ respiration, moderating pH/ redox, and supplying nutrients.	"Leaf litter/coarse organic matter are visibly retained, supporting detrital processes per local references.
Quick checks show these invertebrates, indicating healthy detrital processing (if typical)."	"Context: Channel

Method: Field"	"Count leaf packs and small debris dams, or infer retention from wood presence and low-velocity habitat during a field visit.
Conduct a rapid kick sample and note presence of shredder taxa where a CPOM pathway is expected."	Field observation; wood and habitat assessments; planform complexity from imagery as supporting context.; State biomonitoring portals and/or EPA Water Quality Portal biological results (where available).
Primary Production / Algal Indicators	Carbon processing	ERDC	No	High resolution aerial imagery; Field photos; Brief field recon; Historical evidence	Poor	Thick blooms or scums that cover substrate.	0-0.29	Fair	Slightly elevated algae. / Frequent moderate nuisance mats.	0.40-0.69	Good	Balanced growth with no nuisance blooms.	0.70-1.0	Physicochemistry	screening	Organic matter is captured and broken down, fueling food webs, balancing production/ respiration, moderating pH/ redox, and supplying nutrients.	Balanced algae/macrophyte growth, no nuisance blooms, unless moderate coverage is historically normal.	"Context: Channel

Method: Field"	Use chlorophyll or periphyton data where available. If absent, infer risk from nutrients and light conditions.	EPA Water Quality Portal (chlorophyll-a/periphyton where available); nutrient datasets (TN/TP) and shade context.
Impervious Surface Cover	Catchment hydrology	Minnesota SQT; Michigan SQT; North Carolina SQT; South Carolina SQT; Tennessee SQT	Yes	Impervious-surface GIS (e.g., NLCD Impervious Surface or local impervious dataset); watershed boundary.	Poor	Impervious Cover (IC) Index Score of 40% or less.	0-0.29	Fair	IC Index Score Between 41% and 70%.	0.40-0.69	Good	IC Index score of 71% or greater.	0.70-1.0	Hydrology	screening	Runoff and infiltration sustain natural flow regime, carry appropriate sediment and nutrients from uplands, and reliably cue spawning/migration of aquatic life.	Percent impervious surface in the contributing watershed (and/or specified buffer). Higher imperviousness generally increases runoff/flashiness and can degrade water quality and habitat.	"Context: Watershed

Method: Desktop (GIS/imagery and existing datasets)"	Delineate the contributing watershed (or specified buffer) and compute percent impervious area using an impervious-surface dataset (e.g., NLCD Impervious Surface or a local impervious layer). Assign the condition class using the bin thresholds for this metric.	NLCD Impervious Surface (MRLC) (if used); MN SQT 2020; NLCD Impervious Surface (MRLC) (if used); MI SQT 2019; NC SQT 2019; NLCD Impervious Surface (MRLC) (if used); SC SQT 2021; NLCD Impervious Surface (MRLC) (if used); TN SQT
Percent Forest Cover	Catchment hydrology	Wisconsin SQT; Michigan SQT; South Carolina SQT; Minnesota SQT; North Carolina SQT; Tennessee SQT	No	Land cover GIS (e.g., NLCD Land Cover or local land use/land cover dataset); watershed boundary.	Poor	≤ 20%	0-0.29	Fair	>20% and <70%	0.40-0.69	Good	≥ 70%	0.70-1.0	Hydrology	screening	Runoff and infiltration sustain natural flow regime, carry appropriate sediment and nutrients from uplands, and reliably cue spawning/migration of aquatic life.	Percent forested land cover in the contributing watershed/catchment. Higher forest cover generally supports infiltration, reduces runoff and erosion, and can improve water quality.	"Context: Watershed

Method: Desktop (GIS/imagery and existing datasets)"	Delineate the contributing watershed and compute percent forest land cover using a land cover dataset (e.g., NLCD). Assign the condition class using the bin thresholds for this metric.	NLCD Land Cover (MRLC) (if used); WI SQT 2022; NLCD Land Cover (MRLC) (if used); MI SQT 2019; SC SQT 2021; NLCD Land Cover (MRLC) (if used); MN SQT 2020; NLCD Land Cover (MRLC) (if used); NC SQT 2019; NLCD Land Cover (MRLC) (if used); TN SQT
Recent Land Use / Land Cover Change	Catchment hydrology	Michigan SQT; North Carolina SQT; Minnesota SQT; Tennessee SQT	No	Land cover time series (e.g., NLCD); watershed boundary; optional local land use change datasets.	Poor	Rapidly urbanizing/urban	0-0.29	Fair	Single family homes/suburban	0.40-0.69	Good	Rural communities/slow growth or primarily forested	0.70-1.0	Hydrology	screening	Runoff and infiltration sustain natural flow regime, carry appropriate sediment and nutrients from uplands, and reliably cue spawning/migration of aquatic life.	Magnitude of land cover/land use change over a specified period. Greater recent conversion typically increases hydrologic alteration and pollutant/sediment loading risk.	"Context: Watershed

Method: Desktop (GIS/imagery and existing datasets)"	Compare land cover between two time periods (e.g., NLCD time series) and compute percent area converted (and/or change in impervious area where specified). Assign the condition class using the bin thresholds for this metric.	NLCD Land Cover time series (MRLC) (if used); MI SQT 2019; NC SQT 2019; NLCD Land Cover time series (MRLC) (if used); MN SQT 2020; NLCD Land Cover time series (MRLC) (if used); TN SQT
Watershed Development & Roads / Infrastructure	Catchment hydrology	South Carolina SQT; Colorado SQT; Wyoming SQT; Michigan SQT; North Carolina SQT; Alaska SQT; Wisconsin SQT; Tennessee SQT; Minnesota SQT	No	"Roads/trails GIS (TIGER/Line/OSM/state datasets); recent aerial imagery.
Roads GIS and DOT planning layers (if applicable); recent aerial imagery.
USACE and other Permits
Roads GIS (e.g., TIGER/Line, state DOT, or OpenStreetMap); watershed boundary.
Imagery & Spatial data
Imagery & NLCD
Recent aerial imagery (e.g., NAIP); land cover/land use datasets (e.g., NLCD); permit/industry GIS layers (if available)."	Poor	High development or potential for impacts in contributing watershed or within 1 mile of project reach, or high potential of impacts >1 mile away from project reach.	0-0.29	Fair	Moderate development or moderate potential for impacts, but none within 1 mile of project reach.	0.40-0.69	Good	No development or no potential for impacts.	0.70-1.0	Hydrology	screening	Runoff and infiltration sustain natural flow regime, carry appropriate sediment and nutrients from uplands, and reliably cue spawning/migration of aquatic life.	"Road/trail proximity or density as an indicator of watershed development and potential sediment/pollutant delivery.
Distance from the project reach to the nearest road and/or planned road expansion. Closer roads can increase stormwater inputs, constrain floodplains, and contribute sediment and pollutants.
Road density within the contributing watershed or buffer. Higher road density can increase runoff, fragment riparian areas, and deliver sediment/pollutants.
Degree of land development/disturbance in the watershed and/or near the project reach (e.g., urban areas, industrial sites, oil/gas, mining, timber harvest). Increased development can alter runoff, sediment delivery, and water quality."	"Context: Watershed

Method: Desktop (GIS/imagery and existing datasets)"	"Use roads/trails GIS and recent imagery to summarize proximity and/or density within the watershed or specified buffer. Assign the condition class using the bin thresholds for this metric.
Measure the minimum distance from the project reach (or riparian buffer) to mapped roads using GIS and/or recent imagery. Where specified, incorporate information on proposed road expansion. Assign the condition class using the bin thresholds for this metric.
Using a roads GIS layer, calculate total road length divided by watershed area (or within the specified buffer). Assign the condition class using the bin thresholds for this metric.
Review recent imagery and available land use/permit data to characterize development intensity in the watershed and within the specified distance of the project reach (e.g., 1 mile). Assign the condition class using the bin thresholds for this metric."	Roads/trails GIS (if used); SC SQT 2021; Roads/trails GIS (if used); CO SQT 2019; Roads/trails GIS (if used); WY SQT 2019; Roads GIS/DOT plans (if used); MI SQT 2019; Roads GIS/DOT plans (if used); NC SQT 2019; Roads/trails GIS (if used); Alaska SQT; Roads GIS (TIGER/Line/OSM) (if used); WI SQT 2022; Roads GIS (TIGER/Line/OSM) (if used); TN SQT; Roads/trails GIS (if used); MN SQT 2020; NAIP/NLCD/permit datasets (if used); Alaska SQT; NAIP/NLCD/permit datasets (if used); CO SQT 2019; NAIP/NLCD/permit datasets (if used); SC SQT 2021; NAIP/NLCD/permit datasets (if used); WI SQT 2022; NAIP/NLCD/permit datasets (if used); WY SQT 2019
Bank Erosion & Armoring Condition	Channel and floodplain dynamics	ERDC	Yes	High resolution aerial imagery; Field photos; Brief field recon; Historical evidence	Poor	Failing armoring or widespread bare banks with severe instability.	0-0.29	Fair	Some armoring or partial vegetation coverage. / Large portion of banks is armored or vegetation is sparse.	0.40-0.69	Good	Predominantly natural banks with deeply rooted cover.	0.70-1.0	Geomorphology	screening	Examines the role of bank processes and erosion in channel change. Observes patterns in sinuosity and curvature affecting habitat complexity.	"Integrates bank geometry, rooting, surface protection, raw or failing banks, and hardening to summarize erosion risk and sediment delivery.
Compares meander migration rates and cutoff frequency to reference behavior; excessive migration or avulsions indicate instability."	"Context: Channel

Method: Field"	"Map hardened versus natural or vegetated bank lengths and compute percent by type.
Measure raw or eroding bank length and divide by total bank length across both banks."	NAIP or orthophotos; local infrastructure layers (where available).; Field tape/RTK survey; GIS digitization of raw bank segments from imagery.
Planform Complexity (sinuosity/braiding/side channels/cutoffs)	Channel and floodplain dynamics	ERDC	No	High resolution aerial imagery; Field photos; Brief field recon; Historical evidence	Poor	Heavily braided from instability, or forced single-thread where braiding is expected.	0-0.29	Fair	Slight departure from reference condition. / Moderate braiding where not typical, or loss of braiding where it is typical.	0.40-0.69	Good	Condition aligns with local reference for the stream type.	0.70-1.0	Geomorphology	screening	Examines the role of bank processes and erosion in channel change. Observes patterns in sinuosity and curvature affecting habitat complexity.	"Compares meander migration rates and cutoff frequency to reference behavior; excessive migration or avulsions indicate instability.
Integrates bank geometry, rooting, surface protection, raw or failing banks, and hardening to summarize erosion risk and sediment delivery.
Assesses whether planform and number of active threads match the natural setting, considering straightening, braiding, and side-channel connectivity.
Ratio of channel length to valley length; higher sinuosity indicates greater curvature and habitat variety."	"Context: Channel

Method: Desktop
Context: Floodplain

Method: Field"	"Count active threads at observed stage and compare to expected channel type. Use a DEM to corroborate bar and corridor patterns.
Compile an imagery time series to map cutoff and avulsion locations and summarize frequency over decades.
Map connected side channels and verify likely connection thresholds at about bankfull stage using field checks or elevation profiles.
Compute channel centerline length divided by valley length in GIS."	NAIP or orthophotos; USGS 3DEP LiDAR DEM (where available).; USGS EarthExplorer imagery time series; NAIP and Google Earth historical imagery.; NAIP or orthophotos; LiDAR profiles for connection sills (where available); optional HEC-RAS 2D at bankfull (screening).; Rosgen (2006).
Riparian Corridor Vegetation (width/continuity)	Channel and floodplain dynamics	Tennessee SQT; Alaska SQT; Minnesota SQT; Colorado SQT; Michigan SQT; North Carolina SQT; South Carolina SQT; Wisconsin SQT; Wyoming SQT	No	"Land cover GIS (e.g., NLCD Land Cover or local land use/land cover dataset); watershed boundary.
Imagery
Recent aerial imagery (e.g., NAIP); land cover datasets (e.g., NLCD); hydrography/stream centerlines."	Poor	<50% of streams (including tributaries) within catchment has > 25 feet corridor width.	0-0.29	Fair	50-80% of  streams (including tributaries) within catchment has > 25 feet corridor width.	0.40-0.69	Good	>80% of contributing streams (including tributaries) within catchment has > 25 feet corridor width.	0.70-1.0	Geomorphology	screening	Bank and floodplain processes shape channel planform and habitat complexity; balanced erosion and deposition support stability and ecological function.	"Percent forested land cover in the contributing watershed/catchment. Higher forest cover generally supports infiltration, reduces runoff and erosion, and can improve water quality.
Riparian corridor vegetation and continuity/width along the reach or contributing stream network. Healthy riparian vegetation supports shading, bank stability, and sediment/nutrient filtering."	"Context: Channel and Floodplain

Method: Field screening and/or Desktop (imagery)"	"Delineate the contributing watershed and compute percent forest land cover using a land cover dataset (e.g., NLCD). Assign the condition class using the bin thresholds for this metric.
Using recent imagery and/or land cover data, delineate the riparian corridor along the reach (or specified stream length) and quantify corridor width/continuity (e.g., percent of stream length meeting a minimum corridor width). Assign the condition class using the bin thresholds for this metric."	NLCD Land Cover (MRLC) (if used); TN SQT; NAIP/NLCD (if used); Alaska SQT; NAIP/NLCD (if used); MN SQT 2020; NAIP/NLCD (if used); CO SQT 2019; NAIP/NLCD (if used); MI SQT 2019; NAIP/NLCD (if used); NC SQT 2019; NAIP/NLCD (if used); SC SQT 2021; NAIP/NLCD (if used); WI SQT 2022; NAIP/NLCD (if used); WY SQT 2019
Channel Evolution Stage & Trends	Channel evolution	ERDC	Yes	High resolution aerial imagery; Field photos; Brief field recon; Historical evidence	Poor	Severe incision or destructive phases (often Stage II or severe III-IV).	0-0.29	Fair	Partially recovered channel (often Stage V). / Actively widening or incising (often Stage III-IV).	0.40-0.69	Good	Stable or re-stabilized channel (Stage I or VI).	0.70-1.0	Geomorphology	screening	Long-term changes in channel size and slope maintain dynamic equilibrium and diverse habitats while interacting with the floodplain.	"Channel is stable/recovered (Stage I/VI or 0,1,6,8), not actively degrading, unless partial evolution is normal.
No active headcuts or fully stabilized ones; no ongoing incision or bank widening.
Channel shows vegetated benches/floodplain formation, indicating recovery from incision/widening.
Bank erosion/migration rates match natural reference; no excessive widening unless historically typical."	"Context: Channel

Method: Field"	"Assess channel evolution stage using field indicators or recent geomorphic reports. Use desktop review only for coarse screening.
Locate headcuts or knickpoints and estimate migration using multi-date elevation or imagery. Confirm in the field.
Identify vegetated benches or inset floodplains and track their extent using imagery and elevation profiles where available.
Map active channel edges across years and compute width change using imagery and field indicators where feasible."	Barbour et al. (1999); SVAP v2 (2018).; USGS 3DEP LiDAR hillshade; repeat LiDAR for DEM of Difference (where available); NAIP or Google Earth time series.; USGS 3DEP LiDAR cross sections and elevation profiles; NAIP or orthophotos for benches and bars.; NAIP or Google Earth historical imagery; RivWidthCloud or RivMAP (where available).
Channelization / Ditching / Straightening	Channel evolution	Minnesota SQT	No	State/agency datasets, GIS/imagery, and field observations (as applicable).	Poor	Altered Watercourse Index Score of 40% or less.	0-0.29	Fair	Altered watercourse score between 41 and 70%.	0.40-0.69	Good	Altered watercourse score - 71% or greater.	0.70-1.0	Geomorphology	screening	Long-term changes in channel size and slope maintain dynamic equilibrium and diverse habitats while interacting with the floodplain.	Screening metric used to evaluate Channel evolution based on the definition and bin thresholds provided for this metric.	"Context: Channel

Method: Field screening and/or Desktop (imagery/LiDAR)"	Use available GIS layers/imagery and/or a field screening (as applicable) to quantify or rate the metric according to the provided bin thresholds.	MN SQT 2020
Invasive / Non-native Species Presence	Community dynamics	ERDC	Yes	Channel	Poor	>50% invasive presence or one invasive dominates.	0-0.29	Fair	5-50% invasive presence.	0.40-0.69	Good	<5% invasive presence.	0.70-1.0	Biology	screening	Species interactions sustain biodiversity, restrain invasives, and build resilience to disturbance.	Invasives don't dominate if historically native-dominated, unless naturalized species cause minimal impact.	"Context: Channel

Method: Field"	Query available invasive species databases and summarize presence within the watershed or reach. Confirm key species during a field visit where feasible.	USGS Nonindigenous Aquatic Species (NAS); EDDMapS; state invasive species lists.
Native Biodiversity & Taxa Richness	Community dynamics	Minnesota SQT; ERDC	No	"Barrier inventories (state/federal/NGO), NHD/NHDPlus hydrography, recent imagery, and field verification where feasible.
"	Poor	Zero, or only one extremely tolerant group.	0-0.29	Fair	Two to four distinct major groups. / One to two distinct major groups.	0.40-0.69	Good	Four to five or more distinct major groups.	0.70-1.0	Biology	screening	Species interactions sustain biodiversity, restrain invasives, and build resilience to disturbance.	"Longitudinal connectivity and aquatic organism passage; barriers can limit recolonization, migration, and gene flow.
Quick sample shows multiple families (incl. EPT) unless dryness/high-altitude limits diversity.
Most historically native fish/inverts remain, unless naturally low-diversity (headwaters, ephemeral)."	"Context: Channel and Watershed

Method: Field screening and/or Desktop (databases)
Context: Channel

Method: Field"	"Inventory potential barriers (culverts, dams, grade controls) within the specified upstream/downstream distance using barrier datasets and imagery; confirm passability where feasible. Assign the condition class using the bin thresholds for this metric.
Compute major group richness from a kick-net sample or use existing biological records where available.
Compare observed fish and invertebrate lists to available historical records or reference expectations."	Barrier inventory (if used); MN SQT 2020; USGS BioData and/or state biomonitoring datasets; EPA Water Quality Portal biological results (where available).; NatureServe Explorer; state Natural Heritage Program lists and records.
Floodplain Access / Entrenchment	Floodplain connectivity	ERDC	Yes	High resolution aerial imagery; Field photos; Brief field recon; Historical evidence	Poor	Deeply dredged or channelized reach with little functional floodplain.	0-0.29	Fair	Slight channelization or partial dredging. / Heavily modified or incised channel with limited floodplain access.	0.40-0.69	Good	Stable channel that is not incised or dredged with frequent floodplain access.	0.70-1.0	Hydraulics	screening	Frequent overbank flows reduce flood peaks, support riparian vegetation, create off-channel refugia, and extend nutrient processing time.	"Stable, not heavily dredged/incised, allowing normal overbank flows/meanders unless dredging is historical.
Channel is not deeply incised; moderate floods access a broad floodplain, matching reference conditions.
1-2 yr floods routinely access the floodplain, matching reference inundation patterns."	"Context: Channel

Method: Field
Context: Channel

Method: Desktop
Context: Floodplain

Method: Desktop"	"Identify incision, dredging, levees, and spoil banks from imagery and confirm in the field or with historical sources where feasible.
Compute entrenchment ratio as flood-prone width (often about 2x bankfull depth) divided by bankfull width using DEM or LiDAR cross sections and bankfull indicators.
Map bankfull inundation extent using a DEM and bankfull flow estimate and compare to mapped floodplain layers as a proxy for moderate-flood access."	NAIP imagery and historical aerials/topos; National Levee Database (NLD) and FEMA floodplain layers (where available).; NRCS National Engineering Handbook (2007); Rosgen (2006); USGS 3DEP LiDAR/DEM cross sections.; HEC-RAS 2D with USGS 3DEP DEM; bankfull flow estimate; FEMA floodplain layers (where available).
Floodplain Complexity (side channels/oxbows/wetlands)	Floodplain connectivity	ERDC	No	High resolution aerial imagery; Field photos; Brief field recon; Historical evidence	Poor	Floodplain is simplified or leveed with little or no off-channel function remaining.	0-0.29	Fair	Partial complexity remains with some features truncated or partially isolated. / Most off-channel features are lost or only minimally connected.	0.40-0.69	Good	Multiple active features connected during moderate floods and consistent with historical complexity.	0.70-1.0	Hydraulics	screening	Frequent overbank flows reduce flood peaks, support riparian vegetation, create off-channel refugia, and extend nutrient processing time.	Floodplain/off-channel features stay diverse/connected at moderate floods, reflecting minimal loss.	"Context: Floodplain

Method: Field"	Delineate side channels, oxbows, and wetlands and assess connectivity during moderate floods using field checks and available mapping.	USFWS National Wetlands Inventory (NWI); NAIP imagery; USGS 3DEP DEM/hillshade; NHDPlus HR flowlines/waterbodies.
In-stream Habitat Complexity & Cover	Habitat provision	ERDC	Yes	High resolution aerial imagery; Field photos; Brief field recon; Historical evidence	Poor	Very uniform channel with limited structural diversity.	0-0.29	Fair	Some variety but key elements are missing. / Mostly uniform with only 1-2 distinct features.	0.40-0.69	Good	Multiple habitat types well represented.	0.70-1.0	Biology	screening	Channel and floodplain structure supply depth, velocity, substrate diversity, and vegetation to support native organisms through all life stages.	"Multiple habitat types (riffles/pools/woody debris) exist if historically expected, not unnaturally uniform.
Varied substrates (gravel, cobble, wood) provide multiple habitats, unless uniform is normal.
Provides shelter unless historically minimal in certain ecoregions."	"Context: Channel

Method: Field"	"Count distinct habitat types (riffle, run, pool, cover) along the reach. Use imagery as a screening aid where needed.
Count substrate classes and note presence of wood, leaf packs, and other cover types.
Estimate percent of bank length with undercut or overhanging cover during a field visit."	EPA Rapid Bioassessment Protocols (RBP); NAIP imagery; USGS 3DEP LiDAR (where available).; USGS NAWQA pebble-count method; habitat mapping; supporting context from imagery and slope.; Field mapping; NAIP imagery; canopy and bank metrics where available.
Off-channel Habitat Availability	Habitat provision	ERDC	No	High resolution aerial imagery; Field photos; Brief field recon; Historical evidence	Poor	No side or backwaters remain despite suitable valley setting.	0-0.29	Fair	Some partial connection. / Rare or only episodic off-channel use.	0.40-0.69	Good	Well connected off-channel areas provide refuge or spawning habitat.	0.70-1.0	Biology	screening	Channel and floodplain structure supply depth, velocity, substrate diversity, and vegetation to support native organisms through all life stages.	Backwater areas are accessible as nursery/refuge if historically present, unless naturally confined.	"Context: Floodplain

Method: Field"	Map connected backwaters and side channels and verify likely connection thresholds.	USGS 3DEP LiDAR; NAIP imagery; FEMA floodplain layers (where available); NHDPlus HR waterbodies/flowlines.
Floodplain Engagement Frequency (bankfull recurrence)	High flow dynamics	ERDC	Yes	High resolution aerial imagery; Field photos; Brief field recon; Historical evidence	Poor	Floodplain is rarely inundated except during extreme events.	0-0.29	Fair	About 3-5 yr floods are needed. / About 5-10 yr floods are needed.	0.40-0.69	Good	About 1-2 yr floods engage the floodplain.	0.70-1.0	Hydraulics	screening	Peak flows reshape channel without chronic instability, redistribute wood and sediment, reset habitats, and supply nutrients to floodplains.	Moderate floods (~1-2 yr) overtop banks unless valley is naturally confined.	"Context: Floodplain and Channel

Method: Desktop"	Relate bankfull stage to flood-frequency analysis to estimate recurrence of floodplain engagement. Use gage analysis where available or regional regressions as a screening proxy.	NRCS TR-55 (1986); USGS StreamStats; USGS PeakFQ (where available); state SQT manuals.
High-flow Power & Stability (bed/bank mobilization)	High flow dynamics	ERDC	No	High resolution aerial imagery; Field photos; Brief field recon; Historical evidence	Poor	Extreme mismatch. Bed rarely moves or is reworked by small floods.	0-0.29	Fair	Slight mismatch. Bed moves below or above expected flows. / Marked mismatch. Bed is often locked or frequently scoured.	0.40-0.69	Good	Bed mobilizes at appropriate flows for the channel type, often near bankfull.	0.70-1.0	Hydraulics	screening	Peak flows reshape channel without chronic instability, redistribute wood and sediment, reset habitats, and supply nutrients to floodplains.	"Bed sediments mobilize near bankfull (~1-2 yr), maintaining a stable but dynamic channel.
Bankfull floods do not cause excessive scour/fill; channel handles transport without frequent failures.
Bankfull shear stress fits substrate/banks, indicating stable capacity."	"Context: Channel

Method: Desktop
Context: Channel

Method: Field"	"Estimate critical discharge from Shields using D50 and compare to flood recurrence estimates. Use qualitative checks where data are limited.
Use imagery change detection to identify fresh bars or scour after moderate floods and confirm in the field where possible.
Compare bankfull width and depth to regional curves for drainage area and slope and flag large departures."	Shields criterion using D50; USGS PeakFQ or flow-frequency statistics (where available); Pfankuch stability checks (where available).; Multi-date NAIP or other aerial imagery for change detection; multi-epoch LiDAR (where available); historic aerials.; USGS/NRCS regional bankfull geometry reports (where available); StreamStats inputs; NAIP and USGS 3DEP for measurements.
Hyporheic Exchange Indicators	Hyporheic connectivity	ERDC	Yes	High resolution aerial imagery; Field photos; Brief field recon; Historical evidence	Poor	Featureless or silted bed with negligible exchange.	0-0.29	Fair	Some bedform variety but partially uniform. / Mostly uniform run with limited exchange.	0.40-0.69	Good	Well developed bedforms and strong potential for exchange.	0.70-1.0	Hydraulics	screening	Surface water-groundwater exchange moderates temperature, transforms nutrients, supplies oxygen, and supports aquatic life.	"Diverse bedforms enhance surface-subsurface exchange, matching reference morphology.
Springs/seeps/subsurface flow show active hyporheic exchange, matching local reference."	"Context: Channel

Method: Field"	"Count riffle-pool or other bedform features per 100 m using imagery and a field check.
Count active upwelling spots, springs, seeps, or other infiltration indicators during a field visit."	High-resolution imagery and LiDAR hillshade (where available); longitudinal profile in GIS; field confirmation.; Field observation; mapped springs/seeps; thermal IR imagery (where available).
Floodplain Permeability	Hyporheic connectivity	ERDC	No	GIS Soils data (SSURGO); High resolution aerial imagery; Field photos; Brief field recon; Historical evidence	Poor	Heavily compacted or lined soils with minimal subsurface exchange.	0-0.29	Fair	Partially permeable soils or some clogging. / Mostly fine fill or bedrock that limits infiltration.	0.40-0.69	Good	Permeable floodplain soils that support subsurface flow.	0.70-1.0	Hydraulics	screening	Surface water-groundwater exchange moderates temperature, transforms nutrients, supplies oxygen, and supports aquatic life.	Floodplain soils allow hyporheic/groundwater exchange, consistent with local reference.	"Context: Floodplain

Method: Field"	Assess soil texture and permeability in the floodplain using a hand texture test or auger. Use soils GIS as a desktop proxy where field access is limited.	Field soil texture/permeability check; SSURGO or gSSURGO soils (HSG, Ksat, texture); Web Soil Survey; FEMA floodplain layers (where available).
Stream Temperature	Light & thermal regime	ERDC	Yes	Field	Poor	USGS NWIS and/or EPA Water Quality Portal water temperature data (where available); NorWeST modeled temperatures (where available).	0-0.29	Fair	Frequently near or above thresholds. / Consistently high or potentially lethal temperatures.	0.40-0.69	Good	Slightly exceeds thresholds occasionally.	0.70-1.0	Physicochemistry	screening	Shade, solar input, and groundwater keep temperature and light within natural ranges for stream metabolism and dissolved oxygen.	Stays within acceptable bounds for local aquatic life, rarely exceeding stress thresholds.	"Context: Field

Method: Use continuous or spot water-temperature records to assess maxima and diel range. Use modeled products where monitoring data are absent."	Rarely surpasses local standard or typical seasonal maxima for the stream type.	USGS NWIS and/or EPA Water Quality Portal water temperature data (where available); NorWeST modeled stream temperature products (where available).
Nuisance Algal Growth	Light & thermal regime	ERDC	No	High resolution aerial imagery; Field photos; Brief field recon; Historical evidence	Poor	Dense bloom or scum that covers substrate.	0-0.29	Fair	Slightly elevated algal coverage. / Large mats that partially impair habitat.	0.40-0.69	Good	Minimal algae and no nuisance mats.	0.70-1.0	Physicochemistry	screening	Shade, solar input, and groundwater keep temperature and light within natural ranges for stream metabolism and dissolved oxygen.	Moderate growth matches local light regime, unless historically high/low (e.g., blackwater).	"Context: Channel

Method: Field"	Estimate percent algal cover or use chlorophyll or periphyton data where available and interpret with nutrients and shade context.	EPA Water Quality Portal (chlorophyll-a, periphyton where available); TN/TP datasets; riparian canopy or shade metrics.
Thermal Refugia Availability	Light & thermal regime	ERDC	No	High resolution aerial imagery; Field photos; Brief field recon; Historical evidence	Poor	No refugia where expected. High thermal stress risk.	0-0.29	Fair	One or two minor refuges. / Rare or minimal cooler zones.	0.40-0.69	Good	Multiple cooler pockets or deeper pools provide refugia during warm periods.	0.70-1.0	Physicochemistry	screening	Shade, solar input, and groundwater keep temperature and light within natural ranges for stream metabolism and dissolved oxygen.	Springs or deeper pools temper extremes, unless large daily swings are historically normal (arid ephemeral).	"Context: Channel

Method: Field"	Locate cooler pockets or deeper pools using a field temperature check or loggers where available.	Field IR gun or loggers; mapped springs/seeps and baseflow indices (where available).
Low-flow Wetted Connectivity	Low flow and baseflow dynamics	ERDC	Yes	High resolution aerial imagery; Field photos; Brief field recon; Historical evidence	Poor	<25% wetted, or mostly disconnected pools in a historically perennial reach.	0-0.29	Fair	25-75% wetted.	0.40-0.69	Good	>75% of channel wetted at normal low flow (or dryness is normal if ephemeral).	0.70-1.0	Hydraulics	screening	Ensures habitat availability and water quality during low water levels, and indicates non-storm conditions experienced the majority of the time.	"Evaluates whether the reach maintains adequate wetted depth and continuity during low flow by integrating pool depth, wetted length, exposed bed, and Q90/Q10 differences.
Extent to which water remains in contact with both banks and low benches during low flow, sustaining edge habitat and exchange."	"Context: Channel

Method: Field"	"Estimate percent of channel length wetted at typical low-flow conditions and document with photos where feasible.
Count pools that remain connected versus isolated at low flow and note dominant disconnection causes.
Estimate percent of bed exposed during low flow using field photos or dry-season imagery where available."	Field observation and photos; NAIP imagery; NHDPlus HR flowline codes; USGS NWIS zero-flow days (where available).; Field verification; NAIP dry-season imagery; optional HEC-RAS 2D at low flow; LiDAR longitudinal profile (where available).; Field photos; NAIP dry-season imagery; LiDAR with estimated low-flow water surface (where available).
Aufeis / Icing Impacts	Low flow and baseflow dynamics	Alaska SQT	No	Site data	Poor	Aufeis formation caused by land disturbance is extensive within, extends into the reach from downstream, or is found within 1 kilometer (0.62 miles) upstream of the project reach.	0-0.29	Fair	Aufeis formation caused by land disturbance is moderate within, extends into the reach from downstream, or is found within 1 kilometer (0.62 miles) upstream of the project reach.	0.40-0.69	Good	Aufeis formation caused by land disturbance is minor or nonexistent within, extends into the reach from downstream, or is found upstream of the project reach.	0.70-1.0	Hydraulics	screening	Low flow and baseflow dynamics ensure habitat availability and water quality during low water levels and indicate non-storm conditions experienced the majority of the time.	Aufeis (icing) formation and extent near the project reach. Changes in aufeis can indicate altered groundwater/surface water interactions and land disturbance.	"Context: Channel

Method: Field screening and/or Desktop (flow records/imagery)"	Map aufeis presence/extent using winter imagery and/or field observations and assess proximity to the project reach per the metric definition. Assign the condition class using the bin thresholds for this metric.	Alaska SQT
Baseflow Index (BFI) vs Baseline	Low flow and baseflow dynamics	ERDC	No	High resolution aerial imagery; Field photos; Brief field recon; Historical evidence	Poor	More than 40% difference from baseline, indicating extreme baseflow alteration.	0-0.29	Fair	About 10-20% difference from baseline. / About 20-40% difference from baseline.	0.40-0.69	Good	BFI closely matches the region's baseline.	0.70-1.0	Hydraulics	screening	Ensures habitat availability and water quality during low water levels, and indicates non-storm conditions experienced the majority of the time.	Degree to which residual pools and riffle segments remain linked by continuous surface flow along the thalweg at normal low flow.	"Context: Channel

Method: Desktop"	Compute Baseflow Index from daily flow records and compare to a regional or historical baseline where available.	USGS Groundwater Toolbox (BFI+, PART/WHAT/BASEFLOW) and/or USGS EflowStats; Wolock (2003) BFI grids (where used).
Nitrogen & Phosphorus Concentrations	Nutrient cycling	ERDC	Yes	High resolution aerial imagery; Field photos; Brief field recon; Historical evidence	Poor	Significantly above guidelines indicating strong nutrient pollution.	0-0.29	Fair	Slightly elevated N or P. / Marked elevation with likely ecological effects.	0.40-0.69	Good	Near background or guideline values.	0.70-1.0	Physicochemistry	screening	Nitrogen and phosphorus transformations feed primary production, regulate excess loads, and store or release nutrients.	Nutrients near natural/guidelines unless higher levels are normal (e.g., blackwater).	"Context: Channel

Method: Field"	Compile recent total nitrogen and total phosphorus data and compare to regional guidelines. Where data are absent, use watershed export models for context.	EPA Water Quality Portal (TN/TP); USGS SPARROW nutrient maps (where available).
Agriculture & Livestock Nutrient Pressure	Nutrient cycling	Michigan SQT; North Carolina SQT; South Carolina SQT; Tennessee SQT; Wisconsin SQT; Minnesota SQT	No	"NLCD Land Cover; USDA Cropland Data Layer (CDL) (if used); recent imagery; local agricultural layers.
State/agency datasets, GIS/imagery, and field observations (as applicable)."	Poor	Livestock access to stream and/or intensive cropland immediately upstream of project reach.	0-0.29	Fair	Livestock access to stream and/or intensive cropland upstream of project reach. A sufficient reach of stream is between Ag. land use and project reach.	0.40-0.69	Good	There is little to no agricultural land uses or the livestock or cropland is far enough away from project reach to cause no impact to water quality or biology.	0.70-1.0	Physicochemistry	screening	Nitrogen and phosphorus transformations support primary production and food webs while limiting excess nutrient loads.	"Extent of agricultural land use and/or livestock access in the watershed, which can contribute nutrients, bacteria, and sediment.
Screening metric used to evaluate Nutrient cycling based on the definition and bin thresholds provided for this metric."	"Context: Watershed and Channel

Method: Desktop (land cover/listings) and/or Field screening"	"Use land cover/agricultural datasets and imagery to quantify agricultural extent and identify livestock access where specified. Assign the condition class using the bin thresholds for this metric.
Use available GIS layers/imagery and/or a field screening (as applicable) to quantify or rate the metric according to the provided bin thresholds."	USDA CDL/NLCD (if used); MI SQT 2019; NC SQT 2019; USDA CDL/NLCD (if used); SC SQT 2021; USDA CDL/NLCD (if used); TN SQT; USDA CDL/NLCD (if used); WI SQT 2022; MN SQT 2020; USDA CDL/NLCD (if used); MN SQT 2020
Denitrification Potential (floodplain wetness)	Nutrient cycling	ERDC	No	High resolution aerial imagery; Field photos; Brief field recon; Historical evidence	Poor	No wetlands or heavily drained soils with low denitrification potential.	0-0.29	Fair	Some wet zones but partially disconnected. / Limited wetland area and moderate export risk.	0.40-0.69	Good	Strong potential with connected wet areas and soils.	0.70-1.0	Physicochemistry	screening	Nitrogen and phosphorus transformations feed primary production, regulate excess loads, and store or release nutrients.	Adequate floodplain/wetland pockets for denitrification, consistent with local reference.	"Context: Floodplain

Method: Field"	Assess presence of wet pockets and redox indicators. Use hydric soils and wetlands mapping as a screening proxy.	NRCS SSURGO hydric soils; USFWS National Wetlands Inventory (NWI).
Dissolved Oxygen Fluctuation (diel swing)	Nutrient cycling	ERDC	No	High resolution aerial imagery; Field photos; Brief field recon; Historical evidence	Poor	>6 mg/L swing or frequent dips below 3 mg/L.	0-0.29	Fair	2-4 mg/L swing with occasional stress. / 4-6 mg/L swing and borderline low DO at night.	0.40-0.69	Good	<2 mg/L diurnal swing and no frequent hypoxia.	0.70-1.0	Physicochemistry	screening	Nitrogen and phosphorus transformations feed primary production, regulate excess loads, and store or release nutrients.	Daily O2 changes are moderate (<2 mg/L), unless larger swings are normal (warm swamp streams).	"Context: Channel

Method: Field"	Analyze dissolved oxygen for diurnal swings where continuous data exist. If not, use spot checks and nutrient context as a screening proxy.	USGS NWIS continuous dissolved oxygen (where available); state continuous monitoring networks (where available).
Nuisance Algae / Periphyton Indicator	Nutrient cycling	ERDC	No	High resolution aerial imagery; Field photos; Brief field recon; Historical evidence	Poor	>50% cover or thick scums.	0-0.29	Fair	10-30% cover or mild filaments. / 30-50% cover with partial blooms.	0.40-0.69	Good	No nuisance algae and <10% cover, or normal for region.	0.70-1.0	Physicochemistry	screening	Nitrogen and phosphorus transformations feed primary production, regulate excess loads, and store or release nutrients.	Algae suggests no excessive nutrients vs reference, unless historically moderate (open canopy).	"Context: Channel

Method: Field"	Estimate periphyton or algal cover during a field visit and interpret with light and nutrients.	EPA Water Quality Portal (nutrients and chlorophyll where available); field observations; watershed land cover context (NLCD).
Biological Integrity (IBI / community condition)	Population support	ERDC	Yes	State agency datasets, brief field recon	Poor	Absent where historically expected.	0-0.29	Fair	Some presence but limited. / Rare or single individuals.	0.40-0.69	Good	Multiple observations where historically expected.	0.70-1.0	Biology	screening	"Physical and chemical conditions enable spawning, juvenile growth, migration, and stress survival of target taxa.
Species interactions sustain biodiversity, restrain invasives, and build resilience to disturbance."	"Healthy numbers if historically supported, unless ephemeral dryness naturally excludes them.
IBI/multi-metric shows high integrity if historically expected, unless ephemeral dryness limits it.
Diverse macroinvertebrates (incl. EPT) if historically expected, unless ephemeral dryness limits."	"Context: Channel

Method: Field
Context: Channel

Method: Field screening and/or Desktop (biomonitoring databases)
Context: Channel

Method: Desktop"	"Conduct a brief visual or dipnet survey and record presence where expected.
Standard IBI score from sampling
Compile the most recent macroinvertebrate or fish IBI score or class from state or local databases for the reach or nearest station."	State Natural Heritage Program records; Herp Atlas or similar; BISON and/or iNaturalist as supporting context.; State biomonitoring protocols; USGS BioData and/or EPA Water Quality Portal biological results (where available).; CO SQT 2019; MI SQT 2019; MN SQT 2020; NC SQT 2019; WI SQT 2022; WY SQT 2019; state biomonitoring databases.
Catchment Restoration/Enhancement Context	Population support	North Carolina SQT	No	State/agency datasets, GIS/imagery, and field observations (as applicable).	Poor	Less than 40% of the total catchment area is draining to the project reach.	0-0.29	Fair	40 to 60% of the total catchment area is draining to the project reach.	0.40-0.69	Good	Greater than 60% of the total catchment area is draining to the project reach.	0.70-1.0	Biology	screening	Physical and chemical conditions enable spawning, juvenile growth, migration, and stress survival of target taxa.	Screening metric used to evaluate Population support based on the definition and bin thresholds provided for this metric.	"Context: Channel

Method: Field screening and/or Desktop (biomonitoring databases)"	Use available GIS layers/imagery and/or a field screening (as applicable) to quantify or rate the metric according to the provided bin thresholds.	NC SQT 2019
Juvenile Refuge / Cover	Population support	ERDC	No	High resolution aerial imagery; Field photos; Brief field recon;	Poor	<5% cover or none.	0-0.29	Fair	5-40% cover.	0.40-0.69	Good	More than 40% of reach has adequate juvenile cover.	0.70-1.0	Biology	screening	Physical and chemical conditions enable spawning, juvenile growth, migration, and stress survival of target taxa.	Sufficient cover (wood, undercuts, veg) for recruitment/survival if historically expected.	"Context: Channel

Method: Field"	Estimate percent of reach with shallow, low-velocity cover usable as juvenile refuge.	Field mapping; hydrograph context (USGS NWIS where available); NAIP imagery as supporting context.
Spawning Substrate Quality	Population support	ERDC	No	High resolution aerial imagery; Field photos; Brief field recon;	Poor	No suitable substrate. High embeddedness, bedrock, or other limiting condition.	0-0.29	Fair	Some silt but still feasible for spawning. / Heavily silted with limited spawning success expected.	0.40-0.69	Good	Clean or appropriate substrate with minimal silt.	0.70-1.0	Biology	screening	Physical and chemical conditions enable spawning, juvenile growth, migration, and stress survival of target taxa.	Clean gravel/vegetation is present if historically expected, unless alternative spawning is normal.	"Context: Channel

Method: Field"	Assess percent of clean gravel or other suitable spawning substrate for target species and note fine sediment cover.	Field substrate assessment; EPA Water Quality Portal (turbidity/TSS where available); geology and slope context.
Concentrated Runoff / Stormwater Inputs	Reach inflow	Michigan SQT; North Carolina SQT; South Carolina SQT; ERDC	Yes	"State/agency datasets, GIS/imagery, and field observations (as applicable).
"	Poor	More than 5 outfalls per 100 m, or major highway drains with concentrated discharge.	0-0.29	Fair	2-3 outfalls per 100 m, with some unmitigated runoff but partial buffering. / 4-5 outfalls per 100 m, with noticeable sediment or pollutant inputs.	0.40-0.69	Good	0-1 outfall per 100 m, and no noticeable discharge effects.	0.70-1.0	Hydrology	screening	"Quantity and quality of inflow (tributaries, ditches, and pipes) do not generate harmful peaks or pollution pulses and instead support diverse habitat conditions and native species.
Quantity + quality of inflow (tributaries, ditches, and pipes) does not provide harmful peaks or pollution, and supports diverse habitat conditions."	"Screening metric used to evaluate Reach inflow based on the definition and bin thresholds provided for this metric.
Runoff is minimal or well-managed, causing no significant direct inflows or pollutant pulses."	"Context: Watershed and Channel

Method: Desktop (permit/layer review) with field verification where feasible
Context: Channel

Method: Field"	"Use available GIS layers/imagery and/or a field screening (as applicable) to quantify or rate the metric according to the provided bin thresholds.
Count road or highway drainage outfalls per 100 m and note erosion or sediment plumes. Corroborate with available transportation layers if present."	MI SQT 2019; NC SQT 2019; SC SQT 2021; Field count; DOT drainage or as-built plans (where available); road drainage GIS layers.
Diversions / Withdrawals / Returns	Reach inflow	ERDC	No	High resolution aerial imagery; Field photos; Brief field recon; Historical evidence	Poor	Large or chronic diversions or returns that drastically alter the flow regime.	0-0.29	Fair	Minor ditches or returns with limited effect. / Moderate diversions or returns causing seasonal stress.	0.40-0.69	Good	No significant withdrawals or returns. Flows remain near natural.	0.70-1.0	Hydrology	screening	Quantity + quality of inflow (tributaries, ditches, and pipes) does not provide harmful peaks or pollution, and supports diverse habitat conditions.	Diversions/returns are minimal, flow remains near natural regime without artificial additions/withdrawals.	"Context: Watershed

Method: Desktop"	Map withdrawals, returns, and ditches that affect the reach using local diversion layers or mapped canals and ditches.	State water-rights and diversions GIS; irrigation district maps; NHD canals/ditches; USGS Water Use summaries.
Permitted Point-source Discharges	Reach inflow	Colorado SQT; North Carolina SQT; South Carolina SQT; Tennessee SQT; Alaska SQT; Wyoming SQT	No	"EPA ECHO/NPDES facility data and state permit databases; optional local outfall GIS layers.
ADEC database"	Poor	CDPS permitted facilities comprise a high percentage of the baseflow in the project reach OR 1 or more facilities present within 2 miles upstream of project reach have a high potential to threaten aquatic life.	0-0.29	Fair	CDPS permitted facilities comprise a low to moderate percentage of the baseflow in the project reach AND no facilities are located within 2 miles upstream of project reach.	0.40-0.69	Good	No CDPS permitted facilities upstream of the project reach.	0.70-1.0	Hydrology	screening	Quantity and quality of inflow (tributaries, ditches, and pipes) do not generate harmful peaks or pollution pulses and instead support diverse habitat conditions and native species.	Presence of permitted point-source discharges upstream (municipal/industrial) that may affect flow and/or water quality.	"Context: Watershed and Channel

Method: Desktop (permit/layer review) with field verification where feasible"	Query NPDES (or state-equivalent) permit records for facilities in the watershed and within the specified distance upstream. Summarize count and (if required) relative discharge magnitude (e.g., as a percent of baseflow). Assign the condition class using the bin thresholds for this metric.	EPA ECHO/NPDES (if used); CO SQT 2019; EPA ECHO/NPDES (if used); NC SQT 2019; EPA ECHO/NPDES (if used); SC SQT 2021; EPA ECHO/NPDES (if used); TN SQT; EPA ECHO/NPDES (if used); Alaska SQT; EPA ECHO/NPDES (if used); WY SQT 2019
Tributary Inflow Condition	Reach inflow	ERDC	No	High resolution aerial imagery; Field photos; Brief field recon; Historical evidence	Poor	Widespread severe tributary impacts that overwhelm the mainstem.	0-0.29	Fair	1-2 tributaries are moderately altered or somewhat polluted. / Multiple tributaries are significantly altered and deliver high sediment or pollutants.	0.40-0.69	Good	Tributaries are mostly natural with stable flows and sediment loads consistent with reference conditions.	0.70-1.0	Hydrology	screening	Quantity + quality of inflow (tributaries, ditches, and pipes) does not provide harmful peaks or pollution, and supports diverse habitat conditions.	Tributaries stable, matching reference (flow, quality, form), with no major flash/pollution surges.	"Context: Watershed and Channel

Method: Field"	At confluences, visually assess flow stability and turbidity. Supplement with available impairment lists and local monitoring data.	Field observations with turbidity tube or meter; available local monitoring datasets; state assessment listings (where available).
Sediment Supply Potential (watershed/banks)	Sediment continuity	Alaska SQT; Colorado SQT; Wyoming SQT; Michigan SQT; North Carolina SQT; Minnesota SQT; South Carolina SQT	Yes	"Imagery & 
Site data
Land cover and soils (e.g., NLCD, SSURGO), DEM/slope, roads layers, and recent imagery."	Poor	High anthropogenic-caused sediment supply from upstream bank erosion and surface runoff.	0-0.29	Fair	Moderate anthropogenic-caused sediment supply from upstream bank erosion and surface runoff.	0.40-0.69	Good	Low anthropogenic-caused sediment supply. Upstream bank erosion and surface runoff is minimal.	0.70-1.0	Geomorphology	screening	Balanced sediment supply and transport preserves bed elevations, substrate sizes, and habitat quality while supporting riparian succession.	Relative sediment supply from the watershed and near-channel sources. Excessive sediment supply can increase turbidity, embed substrates, and degrade habitat.	"Context: Watershed and Channel

Method: Desktop (GIS/imagery) with field verification where feasible"	Use available GIS layers and imagery (land cover, soils, slopes, roads) and local knowledge to rate potential sediment supply per the metric definition. Assign the condition class using the bin thresholds for this metric.	NLCD/SSURGO/DEM (if used); Alaska SQT; NLCD/SSURGO/DEM (if used); CO SQT 2019; WY SQT 2019; NLCD/SSURGO/DEM (if used); MI SQT 2019; NC SQT 2019; NLCD/SSURGO/DEM (if used); MN SQT 2020; NLCD/SSURGO/DEM (if used); SC SQT 2021
Channel Degradation / Incision	Sediment continuity	ERDC	No	Channel	Poor	Severe channel-wide incision with multiple major headcuts.	0-0.29	Fair	Minor localized incision. / Noticeable incision or one or two moderate headcuts that reduce floodplain access.	0.40-0.69	Good	No active downcutting. Bed elevation is stable.	0.70-1.0	Geomorphology	screening	Balanced sediment supply and transport preserves bed elevations, substrate sizes, spawning/benthic habitats, and supports riparian succession.	Bed is stable, with no active incision disconnecting floodplain unless minor incision is normal.	"Context: Channel

Method: Field"	Extract cross sections from LiDAR or survey data to compare bed elevation to the floodplain and locate active headcuts.	USGS 3DEP LiDAR cross sections and hillshade; repeat DEMs where available.
Permafrost Degradation / Thermokarst	Sediment continuity	Alaska SQT	No	Imagery, Permafrost mapping, & Site data	Poor	Areas of permafrost degradation exist within or upstream of the project reach, contributing to hillslope slumping, increased erosion, and/or water quality impacts.	0-0.29	Fair	Areas of permafrost degradation exist within or upstream of the project reach contributing to hillslope slumping or increased erosion but are not resulting in impacts to water quality.	0.40-0.69	Good	No areas of permafrost degradation in the catchment area have been observed.	0.70-1.0	Geomorphology	screening	Balanced sediment supply and transport preserves bed elevations, substrate sizes, and habitat quality while supporting riparian succession.	Permafrost condition and evidence of thaw/degradation within the contributing area, which can increase sediment and alter hydrology.	"Context: Watershed and Channel

Method: Desktop (GIS/imagery) with field verification where feasible"	Review permafrost maps and recent imagery for evidence of thaw slumps/thermokarst and evaluate per the metric definition; confirm in field where feasible. Assign the condition class using the bin thresholds for this metric.	Alaska SQT
Sediment Balance (transport/deposition/turbidity)	Sediment continuity	ERDC	No	High resolution aerial imagery; Field photos; Brief field recon; Historical evidence	Poor	Severe siltation or turbidity that smothers substrate.	0-0.29	Fair	Minor silt layers or partial turbidity. / High turbidity or moderate silt coverage.	0.40-0.69	Good	Low chronic turbidity and minimal fines, or regionally normal conditions.	0.70-1.0	Geomorphology	screening	Balanced sediment supply and transport preserves bed elevations, substrate sizes, spawning/benthic habitats, and supports riparian succession.	"Fine input aligns with transport, unless higher turbidity/fines are historically normal (e.g., blackwater).
Deposition matches natural form, no severe bar formation beyond typical references.
Flow/slope balance incoming sediment, avoiding major bars or deep scour, unless imbalance is historically normal."	"Context: Channel

Method: Field
Context: Channel

Method: Desktop"	"Review available turbidity or TSS data and visually assess bed fines. Where data are absent, infer risk from land use and soils.
Delineate bar types (point, mid-channel, lateral) and compare to expected morphology for the channel type.
Screen stream power using discharge and slope and compare with observed bars or scour. Detailed transport modeling is beyond screening."	EPA Water Quality Portal (turbidity/TSS); USGS NWIS (where available); NLCD land cover; SSURGO K-factor (erodibility).; NAIP or orthophotos; LiDAR bare-earth DEM (where available).; USGS StreamStats flow statistics (where available); NHDPlus HR slope; NAIP imagery for bar validation.
Flow Alteration (Regulation / Water Use)	Streamflow regime	Alaska SQT; Colorado SQT; Wisconsin SQT; Wyoming SQT; Minnesota SQT; ERDC	Yes	"ADNR, ADF&G flow regulation & water rights data
USGS NWIS (gage data where available); modeled baseline hydrology; water-use/rights datasets; dam regulation information.
"	Poor	>50% difference. Near dewatering or strong hydropeaking.	0-0.29	Fair	10-50% difference.	0.40-0.69	Good	<10% difference from baseline.	0.70-1.0	Hydrology	screening	"Streamflow regime integrates the range of flows experienced by other processes and supports channel form, habitat diversity, and ecological life-cycle cues.
""Integrates the range of """"typical"""" flows experienced by other processes. Examines the degree to which upstream infrastructure or land uses have fundamentally altered flow regimes (e.g., hydropeaking, dams, withdrawals)."""	"Degree of alteration in flow magnitude, timing, duration, or permanence relative to natural conditions due to regulation, withdrawals/returns, or watershed change.
Compares current daily-flow pattern to the natural regime, combining IHA metrics with the Richards-Baker flashiness index to screen for alteration from dams, withdrawals, or urbanization."	"Context: Channel

Method: Desktop (gage/records) with field verification where feasible
Context: Channel

Method: Desktop"	"Use available flow records (gage data), modeled natural baseline estimates, and/or water-use/rights information to estimate change from expected natural conditions for the metric definition. Assign the condition class using the bin thresholds for this metric.
Compare current mean annual flow to a natural or historical baseline and report percent difference."	USGS NWIS / modeled baseline (if used); Alaska SQT; USGS NWIS / modeled baseline (if used); CO SQT 2019; USGS NWIS / modeled baseline (if used); WI SQT 2022; USGS NWIS / modeled baseline (if used); WY SQT 2019; USGS NWIS / modeled baseline (if used); MN SQT 2020; USGS NWIS (current); USGS StreamStats (natural baseline where available).
Flashiness / Rate & Frequency of Change	Streamflow regime	Wisconsin SQT; Michigan SQT; Minnesota SQT	No	USGS NWIS streamflow records (where available); watershed land cover/soils for proxies.	Poor	RBI <25% quartile value or >75% quartile value.	0-0.29	Fair	RBI declining over time and approaching 25% quartile value, or increasing and approaching the 75% quartile value.	0.40-0.69	Good	RBI ≥ 25% quartile value and ≤75% quartile value.	0.70-1.0	Hydrology	screening	Streamflow regime integrates the range of flows experienced by other processes and supports channel form, habitat diversity, and ecological life-cycle cues.	Flashiness (rate and frequency of short-term flow fluctuations). Higher flashiness often reflects watershed alteration and can stress aquatic habitat and geomorphic stability.	"Context: Channel

Method: Desktop (gage/records) with field verification where feasible"	Compute a flashiness metric (e.g., Richards–Baker Flashiness Index) from daily (or finer) discharge data, or apply a watershed proxy (e.g., curve number) where specified. Compare to reference conditions/quartiles and assign the condition class using the bin thresholds for this metric.	USGS NWIS (if used); WI SQT 2022; USGS NWIS (if used); MI SQT 2019; USGS NWIS (if used); MN SQT 2020
Flow Permanence / Intermittency	Streamflow regime	ERDC	No	High resolution aerial imagery; Field photos; Brief field recon; Historical evidence	Poor	Major departure from reference flow permanence. Flow regime category is effectively changed.	0-0.29	Fair	Minor changes in dry or wet intervals. / Significant changes in flow permanence (for example a formerly perennial reach goes dry for extended periods).	0.40-0.69	Good	Flow permanence is stable and near the historical pattern for the stream type.	0.70-1.0	Hydrology	screening	"Integrates the range of ""typical"" flows experienced by other processes. Examines the degree to which upstream infrastructure or land uses have fundamentally altered flow regimes (e.g., hydropeaking, dams, withdrawals)."	"Flow permanence describes whether overall flow duration (ephemeral, intermittent, or perennial) and baseflow conditions match the expected natural regime, using SDAM class, streambed vegetation indicators, mean annual flow statistics, and where available, flowing-days data.
Documents dams, weirs, levees, diversions, pumps, and returns that alter hydrograph timing, peaks, baseflow, or floodplain access.
Zero-flow days and dry periods quantify how often a stream is dry and for how long. Stable statistics indicate consistent flow duration; increases in zero-flow days in a historically perennial reach indicate alteration."	"Context: Channel

Method: Desktop
Context: Channel

Method: Field"	"From gage records, compute zero-flow days and cessation periods. Where ungauged, compile spot-flow or logger observations where available.
Apply the regional SDAM rapid checklist to classify ephemeral, intermittent, or perennial conditions.
Estimate percent channel-bed vegetation and identify plant types relative to expected flow class for the region."	USGS NWIS daily flow (where available); The Nature Conservancy IHA or USGS EflowStats; local spot-flow or logger datasets.; SDAM regional guide and field forms.; SDAM regional guide and field forms; vegetation indicators described in regional SDAM guidance.
Percent Wetlands in Watershed	Surface water storage	ERDC	Yes	Watershed	Poor	<1% wetland coverage, or heavily drained wetlands.	0-0.29	Fair	1-5% wetland coverage.	0.40-0.69	Good	>5% wetland coverage, or consistent with historical norm.	0.70-1.0	Hydrology	screening	Wetlands and storage features store floodwater, recharge groundwater, sustain baseflow, and provide low-velocity habitat.	Sufficient wetlands/ponds for flood attenuation/baseflow support, unless minimal wetlands are historically normal.	"Context: Watershed

Method: Desktop"	Calculate the percent area classified as wetlands using a land cover or wetlands layer. Where possible, compute within the mapped floodplain or valley bottom to better reflect storage.	MN SQT 2020; WI SQT 2022; SC SQT 2021; NLCD Land Cover and/or USFWS National Wetlands Inventory (NWI).
Floodplain Water Retention / Storage	Surface water storage	ERDC	No	High resolution aerial imagery; Field photos; Brief field recon; Historical evidence; Cross-section calculation tools	Poor	Rarely or never overbanking below about 10+ yr events. Deep incision or levees block moderate floods.	0-0.29	Fair	Overbanking requires flows slightly larger than typical bankfull, but still not rare. / Overbanking requires 5-10 yr floods. Partial disconnection.	0.40-0.69	Good	Floodplain is actively engaged at the local moderate-flood standard (often about 1-2 yr or 2-5 yr).	0.70-1.0	Hydrology	screening	Wetlands and storage features store floodwater, recharge groundwater, sustain baseflow, and provide low-velocity habitat.	Moderate floods (~1-5 yr) reach the floodplain, providing water retention/infiltration per regional norms.	"Context: Floodplain

Method: Field"	Identify bankfull indicators and recent high-water marks and compare to bankfull elevation. Corroborate with a nearby gage bankfull or recurrence estimate where available.	USFS and NRCS bankfull field guides; USGS gage recurrence/rating data (where available).
Impoundments / Dams / Ponds	Surface water storage	Tennessee SQT; Colorado SQT; Wyoming SQT; ERDC	No	"National Inventory of Dams (NID) and/or state dam databases; NHD/NHDPlus waterbodies/flowlines; recent imagery.
"	Poor	Widespread channel fragmentation or overabundant ponding.	0-0.29	Fair	1-2 small obstructions with minor impacts. / Multiple ponds moderately disrupt connectivity.	0.40-0.69	Good	Beaver dams or small ponds enhance baseflow and habitat with negligible fragmentation.	0.70-1.0	Hydrology	screening	"Wetlands and other water storage features store floodwaters, recharge groundwater, sustain baseflow, and provide low-velocity habitat for aquatic and riparian species.
Wetlands and storage features store floodwater, recharge groundwater, sustain baseflow, and provide low-velocity habitat."	"Presence and proximity of impoundments (dams/ponds/reservoirs) that can alter flow regime, sediment transport, temperature, and aquatic connectivity.
Small beaver-type impoundments aid baseflow/habitat; no major fragmentation unless historically normal."	"Context: Watershed and Floodplain

Method: Desktop (GIS/imagery and existing datasets)
Context: Channel

Method: Field"	"Inventory impoundments upstream (and where specified, downstream) of the project reach using dam/impoundment datasets and imagery. Summarize proximity and/or density per the metric definition. Assign the condition class using the bin thresholds for this metric.
Count beaver dams or ponded sections per 100 m of channel. Use recent aerial imagery to pre-screen and compare to expected capacity for the setting."	National Inventory of Dams (if used); TN SQT; National Inventory of Dams (if used); CO SQT 2019; National Inventory of Dams (if used); WY SQT 2019; Field count; NAIP imagery; Beaver Restoration Assessment Tool (BRAT) for capacity context.
Off-channel Storage Features	Surface water storage	ERDC	No	High resolution aerial imagery; Field photos; Brief field recon; Historical evidence	Poor	Off-channel features are mostly gone or permanently cut off.	0-0.29	Fair	Partial connection or fewer off-channel areas. / Only large floods access these areas, or off-channel areas are minimal.	0.40-0.69	Good	Multiple off-channel features connect in moderate floods.	0.70-1.0	Hydrology	screening	Wetlands and storage features store floodwater, recharge groundwater, sustain baseflow, and provide low-velocity habitat.	Side channels/beaver ponds/oxbows connect during moderate floods, providing off-channel storage and habitat.	"Context: Floodplain

Method: Field"	Map side channels and oxbows and verify whether they connect at about bankfull stage. Use simple inundation mapping if needed.	LiDAR/DEM and aerial imagery; optional HEC-RAS 2D bankfull inundation (screening).
Turbidity / Water Clarity	Water & soil quality	ERDC	No	High resolution aerial imagery; Field photos; Brief field recon; Historical evidence	Poor	Persistently muddy water or visible sheen indicating severe pollution.	0-0.29	Fair	Slight turbidity or discoloration. / Persistent cloudiness with habitat impacts.	0.40-0.69	Good	Mostly clear and consistent with reference. No obvious pollution.	0.70-1.0	Physicochemistry	screening	Physical and chemical processes limit pollutants, retain beneficial constituents, and protect ecological and human uses.	Appears acceptable, minimal turbidity matching local reference conditions.	"Context: Channel

Method: Field"	Measure turbidity using a tube or meter and compare to reference expectations. Supplement with available datasets where present.	Field turbidity tube or meter; EPA Water Quality Portal (turbidity/TSS where available); assessment listings (where available).
Contaminants & Soil Pollution Indicators	Water & soil quality	Alaska SQT; ERDC	No	"In-situ sampling or ADEC database
Floodplain"	Poor	Highly contaminated soils with strong odor or toxicity indicators.	0-0.29	Fair	Minor dumping or moderate manure presence. / Known moderate contamination risk.	0.40-0.69	Good	Natural soils with no contamination indicators.	0.70-1.0	Physicochemistry	screening	Physical and chemical processes limit pollutants, retain beneficial constituents, and protect ecological and human uses.	"Screening metric used to evaluate Water & soil quality based on the definition and bin thresholds provided for this metric.
No chemical/fecal contamination signs; soils appear natural, no suspicious odors/staining."	"Context: Watershed and Channel

Method: Desktop (listings/monitoring) and/or Field screening
Context: Floodplain

Method: Field"	"Use available GIS layers/imagery and/or a field screening (as applicable) to quantify or rate the metric according to the provided bin thresholds.
Inspect soils for odor or staining and review contaminated-site registries where relevant."	Alaska SQT; EPA Cleanups in My Community; state contaminated-sites registries (where available).
Dissolved Oxygen (DO)	Water & soil quality	ERDC	No	State agency datasets; existing datasets	Poor	<3 mg/L. High risk of acute impacts.	0-0.29	Fair	5-6 mg/L. Borderline. / 3-5 mg/L. Frequent stress.	0.40-0.69	Good	>6 mg/L and no hypoxia.	0.70-1.0	Physicochemistry	screening	Physical and chemical processes limit pollutants, retain beneficial constituents, and protect ecological and human uses.	DO is high enough (>5-6 mg/L) for aquatic life, unless naturally lower in warm/boggy streams.	"Context: Channel

Method: Field"	Collect spot DO readings and compile minima from time series where available.	Field DO meter; USGS NWIS and/or EPA Water Quality Portal (DO where available).
Regulatory Impairment Status (305b/303d/TMDL)	Water & soil quality	Alaska SQT; Colorado SQT; North Carolina SQT; Michigan SQT; Minnesota SQT; South Carolina SQT; Tennessee SQT; Wisconsin SQT; Wyoming SQT	Yes	"ADEC database
EPA ATTAINS; state integrated report tables/GIS; optional local water quality monitoring summaries.
State/agency datasets, GIS/imagery, and field observations (as applicable)."	Poor	In Category 5 due to nonsupport of aquatic life uses OR in Category 4 and aquatic life impairment not actively being mitigated.	0-0.29	Fair	In Category 4 due to nonsupport of aquatic life uses and aquatic life impairment actively being mitigated.	0.40-0.69	Good	In category 1, 2, or 3 or aquatic life uses not evaluated.	0.70-1.0	Physicochemistry	screening	Physical and chemical processes limit pollutants, retain beneficial constituents, and protect ecological and human uses.	"Regulatory assessment status for aquatic life/designated use support (e.g., 305(b)/303(d) categories, TMDL status) for the assessment unit containing the project reach.
Screening metric used to evaluate Water & soil quality based on the definition and bin thresholds provided for this metric."	"Context: Watershed and Channel

Method: Desktop (listings/monitoring) and/or Field screening"	"Identify the assessment unit for the project reach and consult the state integrated report and/or EPA ATTAINS database for use-support and impairment listings. Assign the condition class using the bin thresholds for this metric.
Use available GIS layers/imagery and/or a field screening (as applicable) to quantify or rate the metric according to the provided bin thresholds."	EPA ATTAINS/state integrated report (if used); Alaska SQT; EPA ATTAINS/state integrated report (if used); CO SQT 2019; EPA ATTAINS/state integrated report (if used); NC SQT 2019; EPA ATTAINS/state integrated report (if used); MI SQT 2019; EPA ATTAINS/state integrated report (if used); MN SQT 2020; EPA ATTAINS/state integrated report (if used); SC SQT 2021; EPA ATTAINS/state integrated report (if used); TN SQT; WI SQT 2022; EPA ATTAINS/state integrated report (if used); WY SQT 2019
Specific Conductance	Water & soil quality	North Carolina SQT	No	Field conductivity meter; USGS NWIS and/or EPA Water Quality Portal (if used).	Poor	Piedmont = >229; Blue Ridge = >66	0-0.29	Fair	Piedmont = 78-229; Blue Ridge = 41-66	0.40-0.69	Good	Piedmont = <78; Blue Ridge = <41	0.70-1.0	Physicochemistry	screening	Physical and chemical processes limit pollutants, retain beneficial constituents, and protect ecological and human uses.	Specific conductance (often standardized to 25°C) as an indicator of dissolved solids and potential watershed disturbance (e.g., road salt, mining, wastewater).	"Context: Watershed and Channel

Method: Desktop (listings/monitoring) and/or Field screening"	Measure specific conductance using a calibrated handheld meter (and/or compile from existing monitoring databases). Compare to regional/reference thresholds and assign the condition class using the bin thresholds for this metric.	USGS NWIS/WQP (if used); NC SQT 2019
Fish Passage & Barrier Effects (longitudinal connectivity)	Watershed connectivity	Wisconsin SQT; Tennessee SQT; Alaska SQT; Colorado SQT; Wyoming SQT; Michigan SQT; South Carolina SQT; Minnesota SQT; North Carolina SQT	Yes	"Barrier inventories (state/federal/NGO), NHD/NHDPlus hydrography, recent imagery, and field verification where feasible.
ADF&G Web Mapper & Imagery
National Inventory of Dams (NID) and/or state dam databases; NHD/NHDPlus waterbodies/flowlines; recent imagery."	Poor	Aquatic organism barriers (including impoundment(s)) located within 1 mile upstream or downstream of project area has a negative effect on aquatic organism passage.	0-0.29	Fair	Barrier exists but does not adversely affect aquatic organism passage OR a small blockage exists that is creating a minor fish passage barrier.	0.40-0.69	Good	No barrier within watershed OR barriers provide beneficial effect on project area and allows for aquatic organism passage.	0.70-1.0	Biology	screening	Continuous pathways for movement of water, sediment, and organisms support recolonization, maintain species diversity, and enable recovery after disturbance.	"Longitudinal connectivity and aquatic organism passage; barriers can limit recolonization, migration, and gene flow.
Presence and proximity of impoundments (dams/ponds/reservoirs) that can alter flow regime, sediment transport, temperature, and aquatic connectivity."	"Context: Channel and Watershed

Method: Desktop (barrier inventory/imagery) with field verification where feasible"	"Inventory potential barriers (culverts, dams, grade controls) within the specified upstream/downstream distance using barrier datasets and imagery; confirm passability where feasible. Assign the condition class using the bin thresholds for this metric.
Inventory impoundments upstream (and where specified, downstream) of the project reach using dam/impoundment datasets and imagery. Summarize proximity and/or density per the metric definition. Assign the condition class using the bin thresholds for this metric."	Barrier inventory (if used); WI SQT 2022; Barrier inventory (if used); TN SQT; Barrier inventory (if used); Alaska SQT; Barrier inventory (if used); CO SQT 2019; Barrier inventory (if used); WY SQT 2019; National Inventory of Dams (if used); MI SQT 2019; National Inventory of Dams (if used); SC SQT 2021; Barrier inventory (if used); MN SQT 2020; National Inventory of Dams (if used); NC SQT 2019
Adjacent Reach Condition for Recruitment (hardened/embedded)	Watershed connectivity	Alaska SQT; Colorado SQT; Michigan SQT; North Carolina SQT; South Carolina SQT; Wisconsin SQT; Wyoming SQT; Tennessee SQT	No	"Imagery & 
Site data
Barrier inventories (state/federal/NGO), NHD/NHDPlus hydrography, recent imagery, and field verification where feasible."	Poor	Channel immediately upstream or downstream of project reach (i.e., within 1 km or 0.62 mi) is concrete, piped, or hardened.	0-0.29	Fair	Channel immediately upstream or downstream of project reach (i.e., within 1 km or 0.62 mi) has native bed and bank material that is highly embedded by fine sediment.	0.40-0.69	Good	Channel immediately upstream or downstream of project reach (i.e., within 1 km or 0.62 mi) has native bed and bank material.	0.70-1.0	Biology	screening	Continuous pathways for movement of water, sediment, and organisms support recolonization, maintain species diversity, and enable recovery after disturbance.	Longitudinal connectivity and aquatic organism passage; barriers can limit recolonization, migration, and gene flow.	"Context: Channel and Watershed

Method: Desktop (barrier inventory/imagery) with field verification where feasible"	Inventory potential barriers (culverts, dams, grade controls) within the specified upstream/downstream distance using barrier datasets and imagery; confirm passability where feasible. Assign the condition class using the bin thresholds for this metric.	Barrier inventory (if used); Alaska SQT; Barrier inventory (if used); CO SQT 2019; Barrier inventory (if used); MI SQT 2019; NC SQT 2019; Barrier inventory (if used); SC SQT 2021; Barrier inventory (if used); WI SQT 2022; Barrier inventory (if used); WY SQT 2019; Barrier inventory (if used); TN SQT
Dewatered / Intermittent Segments	Watershed connectivity	ERDC	No	High resolution aerial imagery; Field photos; Brief field recon; Historical evidence	Poor	Chronic or large-scale dewatering causing major fragmentation.	0-0.29	Fair	Minor dryness in small segments. / Notable dryness or disconnection in key reaches.	0.40-0.69	Good	No artificial dryness and natural connectivity is maintained.	0.70-1.0	Biology	screening	Continuous pathways for free movement of water, sediment, and organisms supporting recolonization, maintaining species diversity, and enabling recovery.	No artificial dryness in a historically perennial system, unless ephemeral dryness is normal.	"Context: Channel

Method: Desktop"	Combine multi-date imagery and available flow records to identify dry segments and summarize frequency and extent.	USGS NWIS zero-flow days (where available); NAIP and Google Earth imagery time series; NHDPlus flow regime codes.
Lateral Connectivity for Riparian Fauna	Watershed connectivity	ERDC	No	High resolution aerial imagery; Field photos; Brief field recon; Historical evidence	Poor	Heavily walled or leveed corridor with minimal lateral connectivity.	0-0.29	Fair	Some partial barriers with remaining access. / Large levees hamper movement in many areas.	0.40-0.69	Good	No major levees or walls and free lateral movement.	0.70-1.0	Biology	screening	Continuous pathways for free movement of water, sediment, and organisms supporting recolonization, maintaining species diversity, and enabling recovery.	Floodplain/wetlands accessible for semiaquatic fauna unless steep canyons preclude it.	"Context: Floodplain

Method: Field"	Map levees or berms along the corridor and summarize continuous barrier length. Confirm passable gaps where present.	National Levee Database (NLD); FEMA floodplain layers (where available); USGS 3DEP LiDAR; local levee GIS (where available).
