Discipline	Function	Function statement	Metric	Metric statement	Predefined SCS	Context	Method	How to measure	Optimal	Suboptimal	Marginal	Poor	References
Hydrology	Catchment hydrology	Runoff and infiltration sustain natural flow regime, carry appropriate sediment and nutrients from uplands, and reliably cue spawning/migration of aquatic life.	Percent impervious area	Coverage is minimal, preserving near-natural infiltration/runoff timing, consistent with reference levels.	Yes	Watershed	Desktop	Delineate the watershed and compute percent impervious area from the most recent impervious-surface raster (for example NLCD Impervious Surface).	<5% impervious. Near natural infiltration and minimal flashiness.	5-10% impervious. Mild runoff changes.	10-20% impervious. Partial flashiness and infiltration loss.	>20% impervious. Severe runoff alteration and frequent flashy peaks.	MN SQT 2020; SC SQT 2021; NLCD 2019 Impervious Surface (MRLC); Model My Watershed (WikiWatershed).
Hydrology	Catchment hydrology	Runoff and infiltration sustain natural flow regime, carry appropriate sediment and nutrients from uplands, and reliably cue spawning/migration of aquatic life.	Road density	Road density is low enough to avoid significant runoff or sediment inputs, consistent with minimal watershed impact.		Watershed	Desktop	Sum total road length inside the watershed boundary and divide by watershed area (km roads per km2) using a roads layer.	<0.5 km roads per km2. Few crossings.	0.5-1.0 km per km2.	1-2 km per km2. Noticeable effect on runoff and sediment.	>2 km per km2, or frequent crossings delivering heavy pollution.	TIGER/Line roads or OpenStreetMap roads; EPA EnviroAtlas (where available).
Hydrology	Catchment hydrology	Runoff and infiltration sustain natural flow regime, carry appropriate sediment and nutrients from uplands, and reliably cue spawning/migration of aquatic life.	Land use change	<5% land cover shift in ~15-20 years, indicating stable infiltration/runoff consistent with historical conditions.		Watershed	Desktop	Compare land cover between two time periods (for example NLCD 2001 vs 2019) and compute percent area converted to a different major class.	<5% new development or clearing, or only minor land cover shifts.	5-15% converted from one major land use to another.	15-30% converted with likely effects on infiltration or flow patterns.	>30% converted. Drastic alteration in runoff, infiltration, and habitat.	NLCD Land Cover (MRLC), for example 2001 vs 2019; NLCD Land Cover Change Index; NOAA C-CAP (coastal).
Hydrology	Catchment hydrology	Runoff and infiltration sustain natural flow regime, carry appropriate sediment and nutrients from uplands, and reliably cue spawning/migration of aquatic life.	Impoundments and regulated reaches	Flow is near-natural, with no major dams or only negligible small ones, unless larger dams are historically normal.		Watershed	Desktop	Inventory dams and flow-regulated reaches that influence the reach and flag major impoundments or hydropeaking where present.	No major dams, or only small and distant impoundments with negligible impact.	1-2 small dams partially moderating flow.	Multiple moderate dams reducing flood peaks or baseflow.	Heavily regulated system or hydropeaking from major impoundments.	National Inventory of Dams (NID); USGS National Anthropogenic Barrier Dataset (NABD); NHDPlus (where available); state dam lists.
Hydrology	Surface water storage	Wetlands and storage features store floodwater, recharge groundwater, sustain baseflow, and provide low-velocity habitat.	Percent wetlands in watershed	Sufficient wetlands/ponds for flood attenuation/baseflow support, unless minimal wetlands are historically normal.	Yes	Watershed	Desktop	Calculate the percent area classified as wetlands using a land cover or wetlands layer. Where possible, compute within the mapped floodplain or valley bottom to better reflect storage.	>5% wetland coverage, or consistent with historical norm.	2-5% wetland coverage.	1-2% wetland coverage.	<1% wetland coverage, or heavily drained wetlands.	MN SQT 2020; WI SQT 2022; SC SQT 2021; NLCD Land Cover and/or USFWS National Wetlands Inventory (NWI).
Hydrology	Surface water storage	Wetlands and storage features store floodwater, recharge groundwater, sustain baseflow, and provide low-velocity habitat.	Floodplain water retention	Moderate floods (~1-5 yr) reach the floodplain, providing water retention/infiltration per regional norms.		Floodplain	Field	Identify bankfull indicators and recent high-water marks and compare to bankfull elevation. Corroborate with a nearby gage bankfull or recurrence estimate where available.	Floodplain is actively engaged at the local moderate-flood standard (often about 1-2 yr or 2-5 yr).	Overbanking requires flows slightly larger than typical bankfull, but still not rare.	Overbanking requires 5-10 yr floods. Partial disconnection.	Rarely or never overbanking below about 10+ yr events. Deep incision or levees block moderate floods.	USFS and NRCS bankfull field guides; USGS gage recurrence/rating data (where available).
Hydrology	Surface water storage	Wetlands and storage features store floodwater, recharge groundwater, sustain baseflow, and provide low-velocity habitat.	In-channel ponding or beaver dams	Small beaver-type impoundments aid baseflow/habitat; no major fragmentation unless historically normal.		Channel	Field	Count beaver dams or ponded sections per 100 m of channel. Use recent aerial imagery to pre-screen and compare to expected capacity for the setting.	Beaver dams or small ponds enhance baseflow and habitat with negligible fragmentation.	1-2 small obstructions with minor impacts.	Multiple ponds moderately disrupt connectivity.	Widespread channel fragmentation or overabundant ponding.	Field count; NAIP imagery; Beaver Restoration Assessment Tool (BRAT) for capacity context.
Hydrology	Surface water storage	Wetlands and storage features store floodwater, recharge groundwater, sustain baseflow, and provide low-velocity habitat.	Off-channel storage	Side channels/beaver ponds/oxbows connect during moderate floods, providing off-channel storage and habitat.		Floodplain	Field	Map side channels and oxbows and verify whether they connect at about bankfull stage. Use simple inundation mapping if needed.	Multiple off-channel features connect in moderate floods.	Partial connection or fewer off-channel areas.	Only large floods access these areas, or off-channel areas are minimal.	Off-channel features are mostly gone or permanently cut off.	LiDAR/DEM and aerial imagery; optional HEC-RAS 2D bankfull inundation (screening).
Hydrology	Reach inflow	Quantity + quality of inflow (tributaries, ditches, and pipes) does not provide harmful peaks or pollution, and supports diverse habitat conditions.	Road density and proximity to channel	Tributaries stable, matching reference (flow, quality, form), with no major flash/pollution surges.	Yes	Watershed and Channel	Desktop	Compute road density within the watershed and, where possible, compute road length within a riparian buffer along the reach to capture proximity.	<0.5 km roads per km2, with few roads close to the channel.	0.5-1.0 km per km2, or limited road proximity to the channel.	1-2 km per km2, or roads commonly adjacent to the channel.	>2 km per km2, or frequent road proximity with clear runoff and sediment delivery risk.	MN SQT 2020; WI SQT 2022; TIGER/Line roads or OpenStreetMap roads.
Hydrology	Reach inflow	Quantity + quality of inflow (tributaries, ditches, and pipes) does not provide harmful peaks or pollution, and supports diverse habitat conditions.	Concentrated flow inputs	Storm/tile drains, ditches are minimal or absent, preserving near-natural infiltration/runoff timing.		Channel	Desktop	Count stormwater outfalls or ditches per 100 m using municipal layers or imagery and verify in the field where feasible.	0-1 outfalls or ditches per 100 m.	2-3 per 100 m.	4-5 per 100 m.	>5 per 100 m, or large storm drains.	Municipal MS4 outfall GIS layers (where available); NPDES/MS4 permit information; Unified Stream Assessment protocols.
Hydrology	Reach inflow	Quantity + quality of inflow (tributaries, ditches, and pipes) does not provide harmful peaks or pollution, and supports diverse habitat conditions.	Road or highway drainage outfalls	Runoff is minimal or well-managed, causing no significant direct inflows or pollutant pulses.		Channel	Field	Count road or highway drainage outfalls per 100 m and note erosion or sediment plumes. Corroborate with available transportation layers if present.	0-1 outfall per 100 m, and no noticeable discharge effects.	2-3 outfalls per 100 m, with some unmitigated runoff but partial buffering.	4-5 outfalls per 100 m, with noticeable sediment or pollutant inputs.	More than 5 outfalls per 100 m, or major highway drains with concentrated discharge.	Field count; DOT drainage or as-built plans (where available); road drainage GIS layers.
Hydrology	Reach inflow	Quantity + quality of inflow (tributaries, ditches, and pipes) does not provide harmful peaks or pollution, and supports diverse habitat conditions.	Local runoff diversions or withdrawals	Diversions/returns are minimal, flow remains near natural regime without artificial additions/withdrawals.		Watershed	Desktop	Map withdrawals, returns, and ditches that affect the reach using local diversion layers or mapped canals and ditches.	No significant withdrawals or returns. Flows remain near natural.	Minor ditches or returns with limited effect.	Moderate diversions or returns causing seasonal stress.	Large or chronic diversions or returns that drastically alter the flow regime.	State water-rights and diversions GIS; irrigation district maps; NHD canals/ditches; USGS Water Use summaries.
Hydrology	Reach inflow	Quantity + quality of inflow (tributaries, ditches, and pipes) does not provide harmful peaks or pollution, and supports diverse habitat conditions.	Tributary condition and impact	Tributaries stable, matching reference (flow, quality, form), with no major flash/pollution surges.		Watershed and Channel	Field	At confluences, visually assess flow stability and turbidity. Supplement with available impairment lists and local monitoring data.	Tributaries are mostly natural with stable flows and sediment loads consistent with reference conditions.	1-2 tributaries are moderately altered or somewhat polluted.	Multiple tributaries are significantly altered and deliver high sediment or pollutants.	Widespread severe tributary impacts that overwhelm the mainstem.	Field observations with turbidity tube or meter; available local monitoring datasets; state assessment listings (where available).
Hydrology	Streamflow regime	"Integrates the range of ""typical"" flows experienced by other processes. Examines the degree to which upstream infrastructure or land uses have fundamentally altered flow regimes (e.g., hydropeaking, dams, withdrawals)."	Flashiness or high-flow frequency	Compares current daily-flow pattern to the natural regime, combining IHA metrics with the Richards-Baker flashiness index to screen for alteration from dams, withdrawals, or urbanization.	Yes	Channel	Desktop	Calculate the Richards-Baker Flashiness Index from daily flows. Where ungauged, use qualitative storm-response observations as a screening proxy.	Observed rise and fall patterns align with local norms for the stream type.	Slightly higher flash surges or modestly longer dry periods than expected.	Clearly more frequent flash events or dry periods that are significantly longer than normal.	Extreme flashiness from small storms, or dry periods long enough to indicate a change in flow regime.	MN SQT 2020; WI SQT 2022; NRCS TR-55 (1986); Richards-Baker Flashiness Index; USGS NWIS daily flow (where available).
Hydrology	Streamflow regime	"Integrates the range of ""typical"" flows experienced by other processes. Examines the degree to which upstream infrastructure or land uses have fundamentally altered flow regimes (e.g., hydropeaking, dams, withdrawals)."	Flow permanence stats	Flow permanence describes whether overall flow duration (ephemeral, intermittent, or perennial) and baseflow conditions match the expected natural regime, using SDAM class, streambed vegetation indicators, mean annual flow statistics, and where available, flowing-days data.		Channel	Desktop	From gage records, compute zero-flow days and cessation periods. Where ungauged, compile spot-flow or logger observations where available.	Flow permanence is stable and near the historical pattern for the stream type.	Minor changes in dry or wet intervals.	Significant changes in flow permanence (for example a formerly perennial reach goes dry for extended periods).	Major departure from reference flow permanence. Flow regime category is effectively changed.	USGS NWIS daily flow (where available); The Nature Conservancy IHA or USGS EflowStats; local spot-flow or logger datasets.
Hydrology	Streamflow regime	"Integrates the range of ""typical"" flows experienced by other processes. Examines the degree to which upstream infrastructure or land uses have fundamentally altered flow regimes (e.g., hydropeaking, dams, withdrawals)."	Artificial structures affecting flow	Documents dams, weirs, levees, diversions, pumps, and returns that alter hydrograph timing, peaks, baseflow, or floodplain access.		Channel	Desktop	Inventory dams, levees, and weirs along and upstream of the reach using available datasets and local layers.	No major regulating structures restricting flows.	Minor structure or structures with limited effect.	Moderate structures that alter flood or baseflow patterns.	Multiple or large structures that strongly flatten, block, or regulate flows.	National Levee Database (NLD); National Inventory of Dams (NID); FEMA flood control layers (where available); USGS National Map.
Hydrology	Streamflow regime	"Integrates the range of ""typical"" flows experienced by other processes. Examines the degree to which upstream infrastructure or land uses have fundamentally altered flow regimes (e.g., hydropeaking, dams, withdrawals)."	Mean annual flow difference from baseline	Compares current daily-flow pattern to the natural regime, combining IHA metrics with the Richards-Baker flashiness index to screen for alteration from dams, withdrawals, or urbanization.		Channel	Desktop	Compare current mean annual flow to a natural or historical baseline and report percent difference.	<10% difference from baseline.	10-20% difference.	20-50% difference.	>50% difference. Near dewatering or strong hydropeaking.	USGS NWIS (current); USGS StreamStats (natural baseline where available).
Hydrology	Streamflow regime	"Integrates the range of ""typical"" flows experienced by other processes. Examines the degree to which upstream infrastructure or land uses have fundamentally altered flow regimes (e.g., hydropeaking, dams, withdrawals)."	Streambed vegetation indicators	Zero-flow days and dry periods quantify how often a stream is dry and for how long. Stable statistics indicate consistent flow duration; increases in zero-flow days in a historically perennial reach indicate alteration.		Channel	Field	Estimate percent channel-bed vegetation and identify plant types relative to expected flow class for the region.	Bed vegetation matches reference expectations for dryness or wetness.	Minor mismatch in vegetation extent or type.	Significant mismatch, such as dense stands in a historically scoured bed.	Extreme overgrowth or vegetation type strongly contradicts expected scour or dryness regime.	SDAM regional guide and field forms; vegetation indicators described in regional SDAM guidance.
Hydrology	Streamflow regime	"Integrates the range of ""typical"" flows experienced by other processes. Examines the degree to which upstream infrastructure or land uses have fundamentally altered flow regimes (e.g., hydropeaking, dams, withdrawals)."	Regional SDAM rapid metrics	Documents dams, weirs, levees, diversions, pumps, and returns that alter hydrograph timing, peaks, baseflow, or floodplain access.		Channel	Field	Apply the regional SDAM rapid checklist to classify ephemeral, intermittent, or perennial conditions.	SDAM classification matches expected conditions.	Slight discrepancy or uncertainty.	Major mismatch but some evidence of intended flow remains.	Flow category is severely altered from reference.	SDAM regional guide and field forms.
Hydraulics	Low flow and baseflow dynamics	Ensures habitat availability and water quality during low water levels, and indicates non-storm conditions experienced the majority of the time.	Flashiness or high-flow frequency	Low flow velocity describes movement through the thalweg during typical low flow; measurable movement supports dissolved oxygen and limits stagnation, while shifts indicate altered baseflow timing.	Yes	Channel	Desktop	Calculate a flashiness index from daily flows. Where ungauged, use qualitative storm-response observations as a screening proxy.	Low-flow and storm response align with local norms for the stream type.	Slight increase in flash surges or modestly longer dry periods than expected.	Clearly more frequent flash events or much longer dry periods than normal.	Extreme flashiness or extended dry periods indicating severe low-flow alteration.	MN SQT 2020; WI SQT 2022; NRCS TR-55 (1986); Richards-Baker Flashiness Index; USGS NWIS daily flow (where available).
Hydraulics	Low flow and baseflow dynamics	Ensures habitat availability and water quality during low water levels, and indicates non-storm conditions experienced the majority of the time.	Channel flow status	Evaluates whether the reach maintains adequate wetted depth and continuity during low flow by integrating pool depth, wetted length, exposed bed, and Q90/Q10 differences.		Channel	Field	Estimate percent of channel length wetted at typical low-flow conditions and document with photos where feasible.	>75% of channel wetted at normal low flow (or dryness is normal if ephemeral).	50-75% wetted.	25-50% wetted.	<25% wetted, or mostly disconnected pools in a historically perennial reach.	Field observation and photos; NAIP imagery; NHDPlus HR flowline codes; USGS NWIS zero-flow days (where available).
Hydraulics	Low flow and baseflow dynamics	Ensures habitat availability and water quality during low water levels, and indicates non-storm conditions experienced the majority of the time.	Residual pool connectivity	Extent to which water remains in contact with both banks and low benches during low flow, sustaining edge habitat and exchange.		Channel	Field	Count pools that remain connected versus isolated at low flow and note dominant disconnection causes.	Pools remain connected at low flow, or dryness is normal and not beyond reference.	Some partial isolation but at least half of pools still have a flow path.	Most pools are isolated and surface flow is minimal.	Complete isolation or stagnant pools across most of the reach.	Field verification; NAIP dry-season imagery; optional HEC-RAS 2D at low flow; LiDAR longitudinal profile (where available).
Hydraulics	Low flow and baseflow dynamics	Ensures habitat availability and water quality during low water levels, and indicates non-storm conditions experienced the majority of the time.	Baseflow Index relative to baseline	Degree to which residual pools and riffle segments remain linked by continuous surface flow along the thalweg at normal low flow.		Channel	Desktop	Compute Baseflow Index from daily flow records and compare to a regional or historical baseline where available.	BFI closely matches the region's baseline.	About 10-20% difference from baseline.	About 20-40% difference from baseline.	More than 40% difference from baseline, indicating extreme baseflow alteration.	USGS Groundwater Toolbox (BFI+, PART/WHAT/BASEFLOW) and/or USGS EflowStats; Wolock (2003) BFI grids (where used).
Hydraulics	Low flow and baseflow dynamics	Ensures habitat availability and water quality during low water levels, and indicates non-storm conditions experienced the majority of the time.	Substrate exposure during low flow	Evaluates whether the reach maintains adequate wetted depth and continuity during low flow by integrating pool depth, wetted length, exposed bed, and Q90/Q10 differences.		Channel	Field	Estimate percent of bed exposed during low flow using field photos or dry-season imagery where available.	Minimal bed exposure (<25%), or dryness is normal for the stream type.	25-50% exposure.	50-75% exposure.	>75% exposed, or dryness in a historically perennial reach.	Field photos; NAIP dry-season imagery; LiDAR with estimated low-flow water surface (where available).
Hydraulics	High flow dynamics	Peak flows reshape channel without chronic instability, redistribute wood and sediment, reset habitats, and supply nutrients to floodplains.	High-flow event frequency	Moderate floods (~1-2 yr) overtop banks unless valley is naturally confined.	Yes	Floodplain and Channel	Desktop	Relate bankfull stage to flood-frequency analysis to estimate recurrence of floodplain engagement. Use gage analysis where available or regional regressions as a screening proxy.	About 1-2 yr floods engage the floodplain.	About 3-5 yr floods are needed.	About 5-10 yr floods are needed.	Floodplain is rarely inundated except during extreme events.	NRCS TR-55 (1986); USGS StreamStats; USGS PeakFQ (where available); state SQT manuals.
Hydraulics	High flow dynamics	Peak flows reshape channel without chronic instability, redistribute wood and sediment, reset habitats, and supply nutrients to floodplains.	Peak flow capacity	Bankfull shear stress fits substrate/banks, indicating stable capacity.		Channel	Field	Compare bankfull width and depth to regional curves for drainage area and slope and flag large departures.	Channel dimensions align with regional curves and are stable through moderate floods.	Slight mismatch with occasional instability.	Significant mismatch with frequent instability.	Severe mismatch with repeated destructive floods or bank failures.	USGS/NRCS regional bankfull geometry reports (where available); StreamStats inputs; NAIP and USGS 3DEP for measurements.
Hydraulics	High flow dynamics	Peak flows reshape channel without chronic instability, redistribute wood and sediment, reset habitats, and supply nutrients to floodplains.	High flow velocity or shear indicators	Bankfull floods do not cause excessive scour/fill; channel handles transport without frequent failures.		Channel	Field	Use imagery change detection to identify fresh bars or scour after moderate floods and confirm in the field where possible.	Scour and deposition patterns are well matched to substrate and channel type.	Mild signs of bed or bank stress.	Frequent instability at moderate floods with noticeable scour or bar expansion.	Severe mismatch with repeated blowouts or heavy aggradation at moderate flows.	Multi-date NAIP or other aerial imagery for change detection; multi-epoch LiDAR (where available); historic aerials.
Hydraulics	High flow dynamics	Peak flows reshape channel without chronic instability, redistribute wood and sediment, reset habitats, and supply nutrients to floodplains.	Bed mobilization frequency	Bed sediments mobilize near bankfull (~1-2 yr), maintaining a stable but dynamic channel.		Channel	Desktop	Estimate critical discharge from Shields using D50 and compare to flood recurrence estimates. Use qualitative checks where data are limited.	Bed mobilizes at appropriate flows for the channel type, often near bankfull.	Slight mismatch. Bed moves below or above expected flows.	Marked mismatch. Bed is often locked or frequently scoured.	Extreme mismatch. Bed rarely moves or is reworked by small floods.	Shields criterion using D50; USGS PeakFQ or flow-frequency statistics (where available); Pfankuch stability checks (where available).
Hydraulics	Floodplain connectivity	Frequent overbank flows reduce flood peaks, support riparian vegetation, create off-channel refugia, and extend nutrient processing time.	Entrenchment ratio	Channel is not deeply incised; moderate floods access a broad floodplain, matching reference conditions.	Yes	Channel	Desktop	Compute entrenchment ratio as flood-prone width (often about 2x bankfull depth) divided by bankfull width using DEM or LiDAR cross sections and bankfull indicators.	Entrenchment ratio >2.2, or consistent with reference type, indicating frequent floodplain access.	About 1.4-2.2, indicating mild entrenchment.	<1.4, indicating significant entrenchment.	Severely entrenched or walled channel with little or no moderate flood access.	NRCS National Engineering Handbook (2007); Rosgen (2006); USGS 3DEP LiDAR/DEM cross sections.
Hydraulics	Floodplain connectivity	Frequent overbank flows reduce flood peaks, support riparian vegetation, create off-channel refugia, and extend nutrient processing time.	Lateral floodplain inundation	1-2 yr floods routinely access the floodplain, matching reference inundation patterns.		Floodplain	Desktop	Map bankfull inundation extent using a DEM and bankfull flow estimate and compare to mapped floodplain layers as a proxy for moderate-flood access.	Moderate floods inundate side and backwaters.	About 3-5 yr floods are required.	About 10 yr or larger events are required.	No functional inundation except during extreme floods.	HEC-RAS 2D with USGS 3DEP DEM; bankfull flow estimate; FEMA floodplain layers (where available).
Hydraulics	Floodplain connectivity	Frequent overbank flows reduce flood peaks, support riparian vegetation, create off-channel refugia, and extend nutrient processing time.	Channel condition	Stable, not heavily dredged/incised, allowing normal overbank flows/meanders unless dredging is historical.		Channel	Field	Identify incision, dredging, levees, and spoil banks from imagery and confirm in the field or with historical sources where feasible.	Stable channel that is not incised or dredged with frequent floodplain access.	Slight channelization or partial dredging.	Heavily modified or incised channel with limited floodplain access.	Deeply dredged or channelized reach with little functional floodplain.	NAIP imagery and historical aerials/topos; National Levee Database (NLD) and FEMA floodplain layers (where available).
Hydraulics	Floodplain connectivity	Frequent overbank flows reduce flood peaks, support riparian vegetation, create off-channel refugia, and extend nutrient processing time.	Floodplain complexity	Floodplain/off-channel features stay diverse/connected at moderate floods, reflecting minimal loss.		Floodplain	Field	Delineate side channels, oxbows, and wetlands and assess connectivity during moderate floods using field checks and available mapping.	Multiple active features connected during moderate floods and consistent with historical complexity.	Partial complexity remains with some features truncated or partially isolated.	Most off-channel features are lost or only minimally connected.	Floodplain is simplified or leveed with little or no off-channel function remaining.	USFWS National Wetlands Inventory (NWI); NAIP imagery; USGS 3DEP DEM/hillshade; NHDPlus HR flowlines/waterbodies.
Hydraulics	Hyporheic connectivity	Surface water-groundwater exchange moderates temperature, transforms nutrients, supplies oxygen, and supports aquatic life.	Sediment supply	Springs/seeps/subsurface flow show active hyporheic exchange, matching local reference.	Yes	Watershed	Desktop	Overlay slope (DEM), soils (for example SSURGO erodibility and texture), land cover, and roads to estimate relative sediment delivery risk to the reach.	Low predicted sediment delivery risk, and coarse bed conditions are likely to remain open.	Low to moderate delivery risk.	Moderate to high delivery risk, likely increasing fines and clogging.	Very high delivery risk, likely driving chronic fine sediment deposition and reduced exchange.	MN SQT 2020; WY SQT 2019; CO SQT 2019; DEM slope, SSURGO soils, and roads/land cover layers.
Hydraulics	Hyporheic connectivity	Surface water-groundwater exchange moderates temperature, transforms nutrients, supplies oxygen, and supports aquatic life.	Bed surface grain size	Substrate has coarse particles with minimal fines, enabling interstitial flow per local references.		Channel	Field	Perform a pebble count to estimate percent gravel and cobble versus fines and note evidence of embedding.	Open interstitial coarse bed with minimal fines.	Mild embedding or partial fine coverage.	Strong embedding or siltation limiting infiltration.	Predominantly fine or consolidated bed with little interstitial space.	Field pebble count; USGS or state surficial geology; high-resolution imagery for bar texture classes (where available).
Hydraulics	Hyporheic connectivity	Surface water-groundwater exchange moderates temperature, transforms nutrients, supplies oxygen, and supports aquatic life.	Floodplain permeability	Floodplain soils allow hyporheic/groundwater exchange, consistent with local reference.		Floodplain	Field	Assess soil texture and permeability in the floodplain using a hand texture test or auger. Use soils GIS as a desktop proxy where field access is limited.	Permeable floodplain soils that support subsurface flow.	Partially permeable soils or some clogging.	Mostly fine fill or bedrock that limits infiltration.	Heavily compacted or lined soils with minimal subsurface exchange.	Field soil texture/permeability check; SSURGO or gSSURGO soils (HSG, Ksat, texture); Web Soil Survey; FEMA floodplain layers (where available).
Hydraulics	Hyporheic connectivity	Surface water-groundwater exchange moderates temperature, transforms nutrients, supplies oxygen, and supports aquatic life.	Visible hyporheic indicators	Springs/seeps/subsurface flow show active hyporheic exchange, matching local reference.		Channel	Field	Count active upwelling spots, springs, seeps, or other infiltration indicators during a field visit.	Clear presence of subsurface flow pathways.	Occasional or minor seeps.	Rare or uncertain infiltration pathways.	No evidence of hyporheic exchange. Bed is sealed or compacted.	Field observation; mapped springs/seeps; thermal IR imagery (where available).
Hydraulics	Hyporheic connectivity	Surface water-groundwater exchange moderates temperature, transforms nutrients, supplies oxygen, and supports aquatic life.	Channel complexity for exchange	Diverse bedforms enhance surface-subsurface exchange, matching reference morphology.		Channel	Field	Count riffle-pool or other bedform features per 100 m using imagery and a field check.	Well developed bedforms and strong potential for exchange.	Some bedform variety but partially uniform.	Mostly uniform run with limited exchange.	Featureless or silted bed with negligible exchange.	High-resolution imagery and LiDAR hillshade (where available); longitudinal profile in GIS; field confirmation.
Geomorphology	Channel evolution	Long-term changes in channel size and slope maintain dynamic equilibrium and diverse habitats while interacting with the floodplain.	Channel evolution model stage (I-VI)	Channel is stable/recovered (Stage I/VI or 0,1,6,8), not actively degrading, unless partial evolution is normal.	Yes	Channel	Field	Assess channel evolution stage using field indicators or recent geomorphic reports. Use desktop review only for coarse screening.	Stable or re-stabilized channel (Stage I or VI).	Partially recovered channel (often Stage V).	Actively widening or incising (often Stage III-IV).	Severe incision or destructive phases (often Stage II or severe III-IV).	Barbour et al. (1999); SVAP v2 (2018).
Geomorphology	Channel evolution	Long-term changes in channel size and slope maintain dynamic equilibrium and diverse habitats while interacting with the floodplain.	Incision trend	No active headcuts or fully stabilized ones; no ongoing incision or bank widening.		Channel	Field	Locate headcuts or knickpoints and estimate migration using multi-date elevation or imagery. Confirm in the field.	No active headcuts. Any legacy headcuts are stable.	Small local headcuts with limited progression potential.	One or two active headcuts with noticeable vertical instability.	Multiple or large active headcuts rapidly advancing and driving incision and failures.	USGS 3DEP LiDAR hillshade; repeat LiDAR for DEM of Difference (where available); NAIP or Google Earth time series.
Geomorphology	Channel evolution	Long-term changes in channel size and slope maintain dynamic equilibrium and diverse habitats while interacting with the floodplain.	Widening trend	Bank erosion/migration rates match natural reference; no excessive widening unless historically typical.		Channel	Field	Map active channel edges across years and compute width change using imagery and field indicators where feasible.	Lateral changes are in line with natural or historical reference.	Slightly more or less migration than expected.	Significantly above or below reference with frequent failures or constrained banks.	Highly accelerated or highly suppressed lateral change far outside expected ranges.	NAIP or Google Earth historical imagery; RivWidthCloud or RivMAP (where available).
Geomorphology	Channel evolution	Long-term changes in channel size and slope maintain dynamic equilibrium and diverse habitats while interacting with the floodplain.	Recovery indicators	Channel shows vegetated benches/floodplain formation, indicating recovery from incision/widening.		Channel	Field	Identify vegetated benches or inset floodplains and track their extent using imagery and elevation profiles where available.	Broadly established benches or inset floodplains indicate strong recovery.	Noticeable but incomplete bench or bar formation.	Sparse new floodplain surfaces with ongoing erosion.	No meaningful recovery indicators and continued instability.	USGS 3DEP LiDAR cross sections and elevation profiles; NAIP or orthophotos for benches and bars.
Geomorphology	Channel and floodplain dynamics	Examines the role of bank processes and erosion in channel change. Observes patterns in sinuosity and curvature affecting habitat complexity.	Sinuosity	Ratio of channel length to valley length; higher sinuosity indicates greater curvature and habitat variety.		Channel	Desktop	Compute channel centerline length divided by valley length in GIS.	About 1.2-1.5, or consistent with local reference for the stream type.	1.1-1.2.	1.05-1.1.	<1.05 where meanders are expected.	Rosgen (2006).
Geomorphology	Channel and floodplain dynamics	Examines the role of bank processes and erosion in channel change. Observes patterns in sinuosity and curvature affecting habitat complexity.	Channel realignment	Assesses whether planform and number of active threads match the natural setting, considering straightening, braiding, and side-channel connectivity.	Yes	Channel	Desktop	Compare current and historical imagery or maps to identify straightened or ditched segments and quantify percent altered.	0-10% of reach is artificially realigned, or only minor evidence of channelization.	10-25% of reach shows signs of straightening or dredging.	25-50% of reach is artificially realigned with major loss of natural planform.	>50% of reach is straightened or ditch-like.	USGS historic topographic maps (TopoView) and multi-date NAIP or Google Earth imagery.
Geomorphology	Channel and floodplain dynamics	Examines the role of bank processes and erosion in channel change. Observes patterns in sinuosity and curvature affecting habitat complexity.	Percent banks actively eroding	Compares meander migration rates and cutoff frequency to reference behavior; excessive migration or avulsions indicate instability.		Channel	Field	Measure raw or eroding bank length and divide by total bank length across both banks.	<=10% actively eroding.	10-25% actively eroding.	25-50% actively eroding.	>50% actively eroding.	Field tape/RTK survey; GIS digitization of raw bank segments from imagery.
Geomorphology	Channel and floodplain dynamics	Examines the role of bank processes and erosion in channel change. Observes patterns in sinuosity and curvature affecting habitat complexity.	Bank armoring or vegetation condition	Integrates bank geometry, rooting, surface protection, raw or failing banks, and hardening to summarize erosion risk and sediment delivery.		Channel	Field	Map hardened versus natural or vegetated bank lengths and compute percent by type.	Predominantly natural banks with deeply rooted cover.	Some armoring or partial vegetation coverage.	Large portion of banks is armored or vegetation is sparse.	Failing armoring or widespread bare banks with severe instability.	NAIP or orthophotos; local infrastructure layers (where available).
Geomorphology	Channel and floodplain dynamics	Examines the role of bank processes and erosion in channel change. Observes patterns in sinuosity and curvature affecting habitat complexity.	Side channels	Assesses whether planform and number of active threads match the natural setting, considering straightening, braiding, and side-channel connectivity.		Floodplain	Field	Map connected side channels and verify likely connection thresholds at about bankfull stage using field checks or elevation profiles.	Multiple side channels remain connected at bankfull or moderate high flows.	Some off-channel areas exist but are partially disconnected.	Few mostly inactive channels with connectivity only during large floods.	No meaningful side-channel function remains despite appropriate valley setting.	NAIP or orthophotos; LiDAR profiles for connection sills (where available); optional HEC-RAS 2D at bankfull (screening).
Geomorphology	Channel and floodplain dynamics	Examines the role of bank processes and erosion in channel change. Observes patterns in sinuosity and curvature affecting habitat complexity.	Meander cutoffs or avulsions	Integrates bank geometry, rooting, surface protection, raw or failing banks, and hardening to summarize erosion risk and sediment delivery.		Channel	Desktop	Compile an imagery time series to map cutoff and avulsion locations and summarize frequency over decades.	Rare or slow cutoffs consistent with long-term references.	Occasional cutoffs but not drastically more frequent than normal.	Multiple cutoffs over recent decades suggesting partial instability.	Frequent or large-scale avulsions or cutoffs indicating severe instability or artificial triggers.	USGS EarthExplorer imagery time series; NAIP and Google Earth historical imagery.
Geomorphology	Channel and floodplain dynamics	Examines the role of bank processes and erosion in channel change. Observes patterns in sinuosity and curvature affecting habitat complexity.	Braiding or multi-thread condition	Compares meander migration rates and cutoff frequency to reference behavior; excessive migration or avulsions indicate instability.		Channel	Desktop	Count active threads at observed stage and compare to expected channel type. Use a DEM to corroborate bar and corridor patterns.	Condition aligns with local reference for the stream type.	Slight departure from reference condition.	Moderate braiding where not typical, or loss of braiding where it is typical.	Heavily braided from instability, or forced single-thread where braiding is expected.	NAIP or orthophotos; USGS 3DEP LiDAR DEM (where available).
Geomorphology	Sediment continuity	Balanced sediment supply and transport preserves bed elevations, substrate sizes, spawning/benthic habitats, and supports riparian succession.	Sediment supply	Fine input aligns with transport, unless higher turbidity/fines are historically normal (e.g., blackwater).	Yes	Watershed	Desktop	Combine slope, soils, land cover, and roads in GIS to estimate relative sediment supply and delivery risk to the channel network.	Low predicted sediment supply and delivery risk relative to similar watersheds in the region.	Low to moderate predicted sediment supply and delivery risk.	Moderate to high predicted sediment supply and delivery risk.	Very high predicted sediment supply and delivery risk with likely chronic instability.	MN SQT 2020; WY SQT 2019; CO SQT 2019; SC SQT 2021; WI SQT 2022; DEM slope, SSURGO soils, and roads/land cover layers.
Geomorphology	Sediment continuity	Balanced sediment supply and transport preserves bed elevations, substrate sizes, spawning/benthic habitats, and supports riparian succession.	Transport capacity	Flow/slope balance incoming sediment, avoiding major bars or deep scour, unless imbalance is historically normal.		Channel	Desktop	Screen stream power using discharge and slope and compare with observed bars or scour. Detailed transport modeling is beyond screening.	No major bar buildup or scour. Sediment load appears balanced for channel type.	Slight mismatch with minor deposition or scour.	Noticeable over or under capacity in channel sections.	Widespread bar formation or deep scouring indicating severe imbalance.	USGS StreamStats flow statistics (where available); NHDPlus HR slope; NAIP imagery for bar validation.
Geomorphology	Sediment continuity	Balanced sediment supply and transport preserves bed elevations, substrate sizes, spawning/benthic habitats, and supports riparian succession.	Fine sediment balance	Fine input aligns with transport, unless higher turbidity/fines are historically normal (e.g., blackwater).		Channel	Field	Review available turbidity or TSS data and visually assess bed fines. Where data are absent, infer risk from land use and soils.	Low chronic turbidity and minimal fines, or regionally normal conditions.	Minor silt layers or partial turbidity.	High turbidity or moderate silt coverage.	Severe siltation or turbidity that smothers substrate.	EPA Water Quality Portal (turbidity/TSS); USGS NWIS (where available); NLCD land cover; SSURGO K-factor (erodibility).
Geomorphology	Sediment continuity	Balanced sediment supply and transport preserves bed elevations, substrate sizes, spawning/benthic habitats, and supports riparian succession.	Sediment deposition patterns	Deposition matches natural form, no severe bar formation beyond typical references.		Channel	Field	Delineate bar types (point, mid-channel, lateral) and compare to expected morphology for the channel type.	Deposition pattern fits reference condition with stable point bars.	Some mid-channel or side bars forming but not severely altering flow.	Extensive mid-channel bars with partial obstruction.	Widespread choking deposits that strongly affect channel form and habitat.	NAIP or orthophotos; LiDAR bare-earth DEM (where available).
Geomorphology	Sediment continuity	Balanced sediment supply and transport preserves bed elevations, substrate sizes, spawning/benthic habitats, and supports riparian succession.	Channel degradation	Bed is stable, with no active incision disconnecting floodplain unless minor incision is normal.		Channel	Field	Extract cross sections from LiDAR or survey data to compare bed elevation to the floodplain and locate active headcuts.	No active downcutting. Bed elevation is stable.	Minor localized incision.	Noticeable incision or one or two moderate headcuts that reduce floodplain access.	Severe channel-wide incision with multiple major headcuts.	USGS 3DEP LiDAR cross sections and hillshade; repeat DEMs where available.
Geomorphology	Bed composition and large wood	Supports aquatic habitats through streambed material and bedform dynamics. Enhances habitat complexity and streambank stability.	Visual bed composition	Combines substrate size distribution, embeddedness, and consolidation or armoring to assess pore space and habitat quality.	Yes	Channel	Field	Visually classify dominant substrate along the reach (bedrock, boulder, cobble, gravel, sand, silt or clay) and note the relative amount of fines and embedding.	Bed composition matches expectations for the stream type with open interstitial space where coarse substrate is expected.	Minor departure from expected composition or mild fine cover.	Strong departure from expected composition, or widespread fine cover and embedding in coarse-bed settings.	Bed is dominated by fines or is heavily embedded or sealed, indicating poor habitat and limited exchange.	Barbour et al. (1999); SVAP v2 (2018).
Geomorphology	Bed composition and large wood	Supports aquatic habitats through streambed material and bedform dynamics. Enhances habitat complexity and streambank stability.	Embeddedness or fines	Presence and clarity of expected bedform sequence (riffle-run-pool or step-pool) indicate organized transport and habitat variety.		Channel	Field	Estimate percent of coarse grains buried by fines during a field visit.	<25% embedded. Coarse substrate remains open.	25-50% embedded.	50-75% embedded.	>75% embedded. Voids are largely filled.	Field embeddedness estimate; EPA Water Quality Portal (turbidity/TSS); assessment listings for sediment (where available).
Geomorphology	Bed composition and large wood	Supports aquatic habitats through streambed material and bedform dynamics. Enhances habitat complexity and streambank stability.	Bedform diversity	Presence and clarity of expected bedform sequence (riffle-run-pool or step-pool) indicate organized transport and habitat variety.		Channel	Field	Count presence of riffle, run, pool, or step-pool units and note whether sequences are intact.	Clear riffle-pool or step-pool sequence with robust variety.	Some diversity but partially uniform.	Mostly homogeneous bed with faint or missing sequences.	Flattened or artificially uniform bed.	Field habitat mapping; high-resolution imagery; planform metrics (for example sinuosity) as supporting context.
Geomorphology	Bed composition and large wood	Supports aquatic habitats through streambed material and bedform dynamics. Enhances habitat complexity and streambank stability.	Substrate consolidation or armoring	Combines substrate size distribution, embeddedness, and consolidation or armoring to assess pore space and habitat quality.		Channel	Field	Use a pick test or visual checks to identify surface crusting, cementing, or heavy armoring.	Little to no cementing. Substrate can be individually moved.	Some consolidation but still breakable.	Strong bonding with interstitial spaces mostly filled.	Severe crusting or heavy armor with minimal infiltration or habitat.	Field pick test or visual checks; document as data gap where field access is limited.
Geomorphology	Bed composition and large wood	Supports aquatic habitats through streambed material and bedform dynamics. Enhances habitat complexity and streambank stability.	Bed surface grain size (pebble count)	Presence and clarity of expected bedform sequence (riffle-run-pool or step-pool) indicate organized transport and habitat variety.		Channel	Field	Perform a pebble count to estimate percent gravel and cobble versus fines.	Open interstitial coarse bed with minimal fines.	Mild embedding or partial fine coverage.	Strong embedding or siltation limiting infiltration.	Predominantly fine or consolidated bed with little interstitial space.	Field pebble count; USGS or state surficial geology; high-resolution imagery for bar texture classes (where available).
Physicochemistry	Light and thermal regime	Shade, solar input, and groundwater keep temperature and light within natural ranges for stream metabolism and dissolved oxygen.	Percent forested land cover in watershed	Shade is sufficient for this stream type, matching historical conditions unless naturally open.	Yes	Watershed	Desktop	Quantify percent forest cover and canopy cover using land cover or tree canopy layers. Where possible, summarize within a riparian buffer to better represent shading.	High canopy cover, often 75-100% shade in shaded systems, or consistent with reference for the region.	Moderate canopy cover, often 50-75% shade.	Low canopy cover, often 25-50% shade.	Very low canopy cover, often <25% shade where shading is expected.	MN SQT 2020; SC SQT 2021; WI SQT 2022; NLCD Land Cover and/or NLCD Tree Canopy Cover.
Physicochemistry	Light and thermal regime	Shade, solar input, and groundwater keep temperature and light within natural ranges for stream metabolism and dissolved oxygen.	Stream temperature	Stays within acceptable bounds for local aquatic life, rarely exceeding stress thresholds.	Channel	Field	Use continuous or spot water-temperature records to assess maxima and diel range. Use modeled products where monitoring data are absent.	Rarely surpasses local standard or typical seasonal maxima for the stream type.	Slightly exceeds thresholds occasionally.	Frequently near or above thresholds.	Consistently high or potentially lethal temperatures.	USGS NWIS and/or EPA Water Quality Portal water temperature data (where available); NorWeST modeled temperatures (where available).	
Physicochemistry	Light and thermal regime	Shade, solar input, and groundwater keep temperature and light within natural ranges for stream metabolism and dissolved oxygen.	Thermal refugia	Springs or deeper pools temper extremes, unless large daily swings are historically normal (arid ephemeral).		Channel	Field	Locate cooler pockets or deeper pools using a field temperature check or loggers where available.	Multiple cooler pockets or deeper pools provide refugia during warm periods.	One or two minor refuges.	Rare or minimal cooler zones.	No refugia where expected. High thermal stress risk.	Field IR gun or loggers; mapped springs/seeps and baseflow indices (where available).
Physicochemistry	Light and thermal regime	Shade, solar input, and groundwater keep temperature and light within natural ranges for stream metabolism and dissolved oxygen.	Algal growth	Moderate growth matches local light regime, unless historically high/low (e.g., blackwater).		Channel	Field	Estimate percent algal cover or use chlorophyll or periphyton data where available and interpret with nutrients and shade context.	Minimal algae and no nuisance mats.	Slightly elevated algal coverage.	Large mats that partially impair habitat.	Dense bloom or scum that covers substrate.	EPA Water Quality Portal (chlorophyll-a, periphyton where available); TN/TP datasets; riparian canopy or shade metrics.
Physicochemistry	Carbon processing	Organic matter is captured and broken down, fueling food webs, balancing production/ respiration, moderating pH/ redox, and supplying nutrients.	Riparian vegetation or connectivity	Sufficient native vegetation width unless historically narrow (e.g., prairie streams).	Yes	Floodplain	Desktop	Measure riparian corridor width and percent natural vegetation along the banks using land cover or riparian metrics. Field checks can be used to confirm major gaps.	About 30 m of diverse native riparian vegetation, or consistent with reference corridor for the region.	15-30 m corridor or partial coverage.	5-15 m corridor with limited buffer.	<5 m corridor or little to no riparian vegetation.	MN SQT 2020; WY SQT 2019; CO SQT 2019; SC SQT 2021; WI SQT 2022; EPA EnviroAtlas riparian metrics and/or NLCD.
Physicochemistry	Carbon processing	Organic matter is captured and broken down, fueling food webs, balancing production/ respiration, moderating pH/ redox, and supplying nutrients.	CPOM retention	Leaf litter/coarse organic matter are visibly retained, supporting detrital processes per local references.		Channel	Field	Count leaf packs and small debris dams, or infer retention from wood presence and low-velocity habitat during a field visit.	Abundant CPOM retention with stable leaf packs typical for the system.	Some retention but partially flushed out.	Sparse organic matter and limited retention.	Essentially no retained organic matter, or severe overload causing anoxia risk.	Field observation; wood and habitat assessments; planform complexity from imagery as supporting context.
Physicochemistry	Carbon processing	Organic matter is captured and broken down, fueling food webs, balancing production/ respiration, moderating pH/ redox, and supplying nutrients.	Algal or primary production indicators	Balanced algae/macrophyte growth, no nuisance blooms, unless moderate coverage is historically normal.		Channel	Field	Use chlorophyll or periphyton data where available. If absent, infer risk from nutrients and light conditions.	Balanced growth with no nuisance blooms.	Slightly elevated algae.	Frequent moderate nuisance mats.	Thick blooms or scums that cover substrate.	EPA Water Quality Portal (chlorophyll-a/periphyton where available); nutrient datasets (TN/TP) and shade context.
Physicochemistry	Carbon processing	Organic matter is captured and broken down, fueling food webs, balancing production/ respiration, moderating pH/ redox, and supplying nutrients.	Shredder or detritivore presence	Quick checks show these invertebrates, indicating healthy detrital processing (if typical).		Channel	Field	Conduct a rapid kick sample and note presence of shredder taxa where a CPOM pathway is expected.	Several shredder taxa present where expected.	One or two shredder groups.	Mostly tolerant or non-shredder forms.	No shredders present where historically expected.	State biomonitoring portals and/or EPA Water Quality Portal biological results (where available).
Physicochemistry	Nutrient cycling	Nitrogen and phosphorus transformations feed primary production, regulate excess loads, and store or release nutrients.	Nutrient listing status	Nutrients near natural/guidelines unless higher levels are normal (e.g., blackwater).	Yes	Watershed	Desktop	Check available impairment listings and monitoring summaries for nutrient-related causes or indicators (for example nitrogen, phosphorus, chlorophyll, nuisance algae).	No known nutrient impairment and monitoring does not indicate persistent issues.	Not listed, but limited data or occasional elevated indicators.	Nutrient impairment is documented or listed for part of the reach or assessment unit.	Nutrient impairment is documented or listed with persistent symptoms such as frequent blooms.	EPA ATTAINS; MN MPCA (2022); WY DEQ (2021); CO SQT 2019.
Physicochemistry	Nutrient cycling	Nitrogen and phosphorus transformations feed primary production, regulate excess loads, and store or release nutrients.	N and P concentrations	Nutrients near natural/guidelines unless higher levels are normal (e.g., blackwater).		Channel	Field	Compile recent total nitrogen and total phosphorus data and compare to regional guidelines. Where data are absent, use watershed export models for context.	Near background or guideline values.	Slightly elevated N or P.	Marked elevation with likely ecological effects.	Significantly above guidelines indicating strong nutrient pollution.	EPA Water Quality Portal (TN/TP); USGS SPARROW nutrient maps (where available).
Physicochemistry	Nutrient cycling	Nitrogen and phosphorus transformations feed primary production, regulate excess loads, and store or release nutrients.	Vegetated riparian corridor width	Sufficient buffer filters nutrients, matching local references.		Floodplain	Desktop	Measure riparian buffer width in GIS along the reach. Verify vegetation in the field where needed.	About 30 m buffer or regionally appropriate dense vegetation.	15-30 m buffer.	5-15 m buffer.	<5 m buffer or no meaningful buffer.	EPA EnviroAtlas riparian metrics; USGS StreamCat; NLCD land cover.
Physicochemistry	Nutrient cycling	Nitrogen and phosphorus transformations feed primary production, regulate excess loads, and store or release nutrients.	Visible algal indications	Algae suggests no excessive nutrients vs reference, unless historically moderate (open canopy).		Channel	Field	Estimate periphyton or algal cover during a field visit and interpret with light and nutrients.	No nuisance algae and <10% cover, or normal for region.	10-30% cover or mild filaments.	30-50% cover with partial blooms.	>50% cover or thick scums.	EPA Water Quality Portal (nutrients and chlorophyll where available); field observations; watershed land cover context (NLCD).
Physicochemistry	Nutrient cycling	Nitrogen and phosphorus transformations feed primary production, regulate excess loads, and store or release nutrients.	Denitrification potential (floodplain wetness)	Adequate floodplain/wetland pockets for denitrification, consistent with local reference.		Floodplain	Field	Assess presence of wet pockets and redox indicators. Use hydric soils and wetlands mapping as a screening proxy.	Strong potential with connected wet areas and soils.	Some wet zones but partially disconnected.	Limited wetland area and moderate export risk.	No wetlands or heavily drained soils with low denitrification potential.	NRCS SSURGO hydric soils; USFWS National Wetlands Inventory (NWI).
Physicochemistry	Nutrient cycling	Nitrogen and phosphorus transformations feed primary production, regulate excess loads, and store or release nutrients.	DO fluctuation	Daily O2 changes are moderate (<2 mg/L), unless larger swings are normal (warm swamp streams).		Channel	Field	Analyze dissolved oxygen for diurnal swings where continuous data exist. If not, use spot checks and nutrient context as a screening proxy.	<2 mg/L diurnal swing and no frequent hypoxia.	2-4 mg/L swing with occasional stress.	4-6 mg/L swing and borderline low DO at night.	>6 mg/L swing or frequent dips below 3 mg/L.	USGS NWIS continuous dissolved oxygen (where available); state continuous monitoring networks (where available).
Physicochemistry	Water and soil quality	Physical and chemical processes limit pollutants, retain beneficial constituents, and protect ecological and human uses.	Overall status for aquatic life or use support	Appears acceptable, minimal turbidity matching local reference conditions.	Yes	Watershed	Desktop	Check available impairment listings and monitoring summaries for aquatic life or use support and known stressors for the reach or assessment unit.	Not impaired for aquatic life or use support based on available information.	Some concerns or occasional exceedances, but not listed as impaired.	Impaired for one or two stressors or parameters with moderate severity.	Impaired for multiple stressors or severe, persistent issues.	EPA ATTAINS; MN MPCA (2022); WY DEQ (2021); CO SQT 2019.
Physicochemistry	Water and soil quality	Physical and chemical processes limit pollutants, retain beneficial constituents, and protect ecological and human uses.	Water clarity or turbidity	Appears acceptable, minimal turbidity matching local reference conditions.		Channel	Field	Measure turbidity using a tube or meter and compare to reference expectations. Supplement with available datasets where present.	Mostly clear and consistent with reference. No obvious pollution.	Slight turbidity or discoloration.	Persistent cloudiness with habitat impacts.	Persistently muddy water or visible sheen indicating severe pollution.	Field turbidity tube or meter; EPA Water Quality Portal (turbidity/TSS where available); assessment listings (where available).
Physicochemistry	Water and soil quality	Physical and chemical processes limit pollutants, retain beneficial constituents, and protect ecological and human uses.	Dissolved oxygen	DO is high enough (>5-6 mg/L) for aquatic life, unless naturally lower in warm/boggy streams.		Channel	Field	Collect spot DO readings and compile minima from time series where available.	>6 mg/L and no hypoxia.	5-6 mg/L. Borderline.	3-5 mg/L. Frequent stress.	<3 mg/L. High risk of acute impacts.	Field DO meter; USGS NWIS and/or EPA Water Quality Portal (DO where available).
Physicochemistry	Water and soil quality	Physical and chemical processes limit pollutants, retain beneficial constituents, and protect ecological and human uses.	pH and conductivity	Values near ~6.5-8.5/local norms, no extreme shift unless naturally acidic (bog) or alkaline (arid).		Channel	Field	Take handheld measurements for pH and specific conductance and compare to local expectations.	pH about 6.5-8.5 and conductance within typical range.	Slightly off-range or mild conductance elevation.	Marked deviation from typical range.	Extreme pH or very high conductance indicating major stress.	Handheld meters; USGS NWIS and/or EPA Water Quality Portal (pH and specific conductance where available).
Physicochemistry	Water and soil quality	Physical and chemical processes limit pollutants, retain beneficial constituents, and protect ecological and human uses.	Toxic pollutants	No visible sheen or strong odor, consistent with an unpolluted stream.		Channel	Field	Note visible sheen or odor and check available contamination or discharge records. Collect samples only when warranted.	No known exceedances and no visible indicators.	Occasional minor issues or mild odor.	Recognized contamination risk with moderate stress indicators.	Chronic or severe toxin indicators, fish kills, or persistent sheen.	Assessment listings (where available); EPA TRI and EPA ECHO as supporting context.
Physicochemistry	Water and soil quality	Physical and chemical processes limit pollutants, retain beneficial constituents, and protect ecological and human uses.	Bank or floodplain soil condition	No chemical/fecal contamination signs; soils appear natural, no suspicious odors/staining.		Floodplain	Field	Inspect soils for odor or staining and review contaminated-site registries where relevant.	Natural soils with no contamination indicators.	Minor dumping or moderate manure presence.	Known moderate contamination risk.	Highly contaminated soils with strong odor or toxicity indicators.	EPA Cleanups in My Community; state contaminated-sites registries (where available).
Biology	Habitat provision	Channel and floodplain structure supply depth, velocity, substrate diversity, and vegetation to support native organisms through all life stages.	Channel alteration from imagery	Backwater areas are accessible as nursery/refuge if historically present, unless naturally confined.	Yes	Channel	Desktop	Compare current imagery to historical imagery or maps to estimate percent of reach straightened, ditched, or hardened. Map hardened bank length where visible.	0-10% of reach altered, and banks are predominantly natural.	10-25% altered, or some hardened banks.	25-50% altered, with major loss of natural planform or extensive hardening.	>50% altered, or reach is ditch-like or heavily hardened.	MN SQT 2020; WY SQT 2019; CO SQT 2019; SC SQT 2021; WI SQT 2022; NAIP imagery and historic aerials/maps.
Biology	Habitat provision	Channel and floodplain structure supply depth, velocity, substrate diversity, and vegetation to support native organisms through all life stages.	In-stream habitat complexity	Multiple habitat types (riffles/pools/woody debris) exist if historically expected, not unnaturally uniform.		Channel	Field	Count distinct habitat types (riffle, run, pool, cover) along the reach. Use imagery as a screening aid where needed.	Multiple habitat types well represented.	Some variety but key elements are missing.	Mostly uniform with only 1-2 distinct features.	Very uniform channel with limited structural diversity.	EPA Rapid Bioassessment Protocols (RBP); NAIP imagery; USGS 3DEP LiDAR (where available).
Biology	Habitat provision	Channel and floodplain structure supply depth, velocity, substrate diversity, and vegetation to support native organisms through all life stages.	Undercut banks or overhanging vegetation	Provides shelter unless historically minimal in certain ecoregions.		Channel	Field	Estimate percent of bank length with undercut or overhanging cover during a field visit.	>=50% of banks have undercut or overhanging cover.	25-50%.	10-25%.	<10% or nearly none.	Field mapping; NAIP imagery; canopy and bank metrics where available.
Biology	Habitat provision	Channel and floodplain structure supply depth, velocity, substrate diversity, and vegetation to support native organisms through all life stages.	Substrate or microhabitat diversity	Varied substrates (gravel, cobble, wood) provide multiple habitats, unless uniform is normal.		Channel	Field	Count substrate classes and note presence of wood, leaf packs, and other cover types.	Three or more substrate classes plus organic pockets.	Two distinct substrate types.	One type dominates with few microhabitats.	Uniform substrate with minimal microhabitats.	USGS NAWQA pebble-count method; habitat mapping; supporting context from imagery and slope.
Biology	Habitat provision	Channel and floodplain structure supply depth, velocity, substrate diversity, and vegetation to support native organisms through all life stages.	Lateral or off-channel habitats	Backwater areas are accessible as nursery/refuge if historically present, unless naturally confined.		Floodplain	Field	Map connected backwaters and side channels and verify likely connection thresholds.	Well connected off-channel areas provide refuge or spawning habitat.	Some partial connection.	Rare or only episodic off-channel use.	No side or backwaters remain despite suitable valley setting.	USGS 3DEP LiDAR; NAIP imagery; FEMA floodplain layers (where available); NHDPlus HR waterbodies/flowlines.
Biology	Population support	Physical and chemical conditions enable spawning, juvenile growth, migration, and stress survival of target taxa.	Existing macroinvertebrate or fish IBI class	Diverse macroinvertebrates (incl. EPT) if historically expected, unless ephemeral dryness limits.	Yes	Channel	Desktop	Compile the most recent macroinvertebrate or fish IBI score or class from state or local databases for the reach or nearest station.	IBI class is Excellent or Good, or equivalent high condition category.	IBI class is Good-Fair or slightly below reference.	IBI class is Fair or impaired.	IBI class is Poor or severely impaired.	CO SQT 2019; MI SQT 2019; MN SQT 2020; NC SQT 2019; WI SQT 2022; WY SQT 2019; state biomonitoring databases.
Biology	Population support	Physical and chemical conditions enable spawning, juvenile growth, migration, and stress survival of target taxa.	Aquatic invertebrate community	Diverse macroinvertebrates (incl. EPT) if historically expected, unless ephemeral dryness limits.		Channel	Field	Collect a rapid kick sample and summarize EPT richness or other screening indicators.	Multiple sensitive groups present.	Moderate diversity with some tolerant forms.	Mostly tolerant forms and limited EPT presence.	Very few invertebrates or only extremely tolerant forms.	State biomonitoring protocols; USGS BioData and/or EPA Water Quality Portal biological results (where available).
Biology	Population support	Physical and chemical conditions enable spawning, juvenile growth, migration, and stress survival of target taxa.	Spawning substrate	Clean gravel/vegetation is present if historically expected, unless alternative spawning is normal.		Channel	Field	Assess percent of clean gravel or other suitable spawning substrate for target species and note fine sediment cover.	Clean or appropriate substrate with minimal silt.	Some silt but still feasible for spawning.	Heavily silted with limited spawning success expected.	No suitable substrate. High embeddedness, bedrock, or other limiting condition.	Field substrate assessment; EPA Water Quality Portal (turbidity/TSS where available); geology and slope context.
Biology	Population support	Physical and chemical conditions enable spawning, juvenile growth, migration, and stress survival of target taxa.	Juvenile refuge	Sufficient cover (wood, undercuts, veg) for recruitment/survival if historically expected.		Channel	Field	Estimate percent of reach with shallow, low-velocity cover usable as juvenile refuge.	More than 40% of reach has adequate juvenile cover.	20-40% cover.	5-20% cover.	<5% cover or none.	Field mapping; hydrograph context (USGS NWIS where available); NAIP imagery as supporting context.
Biology	Population support	Physical and chemical conditions enable spawning, juvenile growth, migration, and stress survival of target taxa.	Amphibian or crayfish presence	Healthy numbers if historically supported, unless ephemeral dryness naturally excludes them.		Channel	Field	Conduct a brief visual or dipnet survey and record presence where expected.	Multiple observations where historically expected.	Some presence but limited.	Rare or single individuals.	Absent where historically expected.	State Natural Heritage Program records; Herp Atlas or similar; BISON and/or iNaturalist as supporting context.
Biology	Community dynamics	Species interactions sustain biodiversity, restrain invasives, and build resilience to disturbance.	Impervious cover	Most historically native fish/inverts remain, unless naturally low-diversity (headwaters, ephemeral).	Yes	Watershed	Desktop	Delineate the watershed and compute percent impervious area from an impervious-surface raster (for example NLCD Impervious Surface).	<5% impervious. Low watershed stress.	5-10% impervious.	10-20% impervious.	>20% impervious. High watershed stress.	MN SQT 2020; SC SQT 2021; NLCD 2019 Impervious Surface (MRLC).
Biology	Community dynamics	Species interactions sustain biodiversity, restrain invasives, and build resilience to disturbance.	Riparian buffer width	~30 m or appropriate for shade/leaf input if historically expected, unless narrower is normal (prairie).		Floodplain	Desktop	Measure riparian buffer width and vegetation structure in GIS along the reach.	About 30 m wide corridor with multi-layer vegetation, or local reference corridor.	15-30 m or partial coverage.	5-15 m with minimal corridor.	<5 m or nearly absent.	EPA EnviroAtlas riparian metrics; USGS StreamCat; NLCD land cover.
Biology	Community dynamics	Species interactions sustain biodiversity, restrain invasives, and build resilience to disturbance.	Invasive or non-native check	Invasives don't dominate if historically native-dominated, unless naturalized species cause minimal impact.		Channel	Field	Query available invasive species databases and summarize presence within the watershed or reach. Confirm key species during a field visit where feasible.	<5% invasive presence.	5-20% invasive presence.	20-50% invasive presence.	>50% invasive presence or one invasive dominates.	USGS Nonindigenous Aquatic Species (NAS); EDDMapS; state invasive species lists.
Biology	Community dynamics	Species interactions sustain biodiversity, restrain invasives, and build resilience to disturbance.	Macroinvertebrate taxa richness	Quick sample shows multiple families (incl. EPT) unless dryness/high-altitude limits diversity.		Channel	Field	Compute major group richness from a kick-net sample or use existing biological records where available.	Four to five or more distinct major groups.	Two to four distinct major groups.	One to two distinct major groups.	Zero, or only one extremely tolerant group.	USGS BioData and/or state biomonitoring datasets; EPA Water Quality Portal biological results (where available).
Biology	Community dynamics	Species interactions sustain biodiversity, restrain invasives, and build resilience to disturbance.	Native species presence	Most historically native fish/inverts remain, unless naturally low-diversity (headwaters, ephemeral).		Channel	Field	Compare observed fish and invertebrate lists to available historical records or reference expectations.	Most native taxa expected for the stream type are present.	A few sensitive native taxa are missing.	Several native taxa are absent and tolerant taxa dominate.	Widespread loss of native taxa with invasive or tolerant taxa dominating.	NatureServe Explorer; state Natural Heritage Program lists and records.
Biology	Watershed connectivity	Continuous pathways for free movement of water, sediment, and organisms supporting recolonization, maintaining species diversity, and enabling recovery.	Aquatic connectivity or fish passage	Floodplain/wetlands accessible for semiaquatic fauna unless steep canyons preclude it.	Yes	Channel and Watershed	Desktop	Inventory barriers and compute percent of network accessible from the reach using network tracing where possible. Note barrier type and location.	80-100% of habitat accessible. No major barriers.	50-80% accessible.	20-50% accessible.	<20% accessible due to major dams or multiple blockages.	MN SQT 2020; WY SQT 2019; CO SQT 2019; SC SQT 2021; WI SQT 2022; National Aquatic Barrier Inventory and/or state fish passage databases.
Biology	Watershed connectivity	Continuous pathways for free movement of water, sediment, and organisms supporting recolonization, maintaining species diversity, and enabling recovery.	Culvert or road crossing passability	Crossings allow aquatic organism passage, unless perched/undersized culverts are normal.		Channel	Field	Screen stream-road crossings for likely barriers such as outlet drop, slope, or embedment. Prioritize key crossings for measurement.	80-100% passable.	50-80% passable.	20-50% passable.	<20% passable. Multiple barriers.	NAACC (where available); state DOT culvert inventories; Aquatic Barrier Inventory stream crossings; streams x roads GIS intersect.
Biology	Watershed connectivity	Continuous pathways for free movement of water, sediment, and organisms supporting recolonization, maintaining species diversity, and enabling recovery.	Dewatered or intermittent segments	No artificial dryness in a historically perennial system, unless ephemeral dryness is normal.		Channel	Desktop	Combine multi-date imagery and available flow records to identify dry segments and summarize frequency and extent.	No artificial dryness and natural connectivity is maintained.	Minor dryness in small segments.	Notable dryness or disconnection in key reaches.	Chronic or large-scale dewatering causing major fragmentation.	USGS NWIS zero-flow days (where available); NAIP and Google Earth imagery time series; NHDPlus flow regime codes.
Biology	Watershed connectivity	Continuous pathways for free movement of water, sediment, and organisms supporting recolonization, maintaining species diversity, and enabling recovery.	Lateral connectivity for riparian fauna	Floodplain/wetlands accessible for semiaquatic fauna unless steep canyons preclude it.		Floodplain	Field	Map levees or berms along the corridor and summarize continuous barrier length. Confirm passable gaps where present.	No major levees or walls and free lateral movement.	Some partial barriers with remaining access.	Large levees hamper movement in many areas.	Heavily walled or leveed corridor with minimal lateral connectivity.	National Levee Database (NLD); FEMA floodplain layers (where available); USGS 3DEP LiDAR; local levee GIS (where available).
